DateTime, Sensor, Temperature (Celcius), Relative Humidity (%), Pressure (hPa), Light (lx)
2019-04-22 00:00:02 +0800, BME280|BH1750FVI, 26.52, 87.01, 1008.36, 0
2019-04-22 00:00:09 +0800, BME280|BH1750FVI, 26.52, 86.96, 1008.35, 0
2019-04-22 00:00:16 +0800, BME280|BH1750FVI, 26.54, 86.92, 1008.36, 0
2019-04-22 00:00:23 +0800, BME280|BH1750FVI, 26.55, 86.87, 1008.34, 0
2019-04-22 00:00:30 +0800, BME280|BH1750FVI, 26.56, 86.80, 1008.35, 0
2019-04-22 00:00:39 +0800, BME280|BH1750FVI, 26.57, 86.76, 1008.36, 0
2019-04-22 00:00:46 +0800, BME280|BH1750FVI, 26.56, 86.83, 1008.34, 0
2019-04-22 00:00:53 +0800, BME280|BH1750FVI, 26.57, 86.84, 1008.36, 0
2019-04-22 00:01:00 +0800, BME280|BH1750FVI, 26.57, 86.86, 1008.33, 0
2019-04-22 00:01:07 +0800, BME280|BH1750FVI, 26.58, 86.92, 1008.36, 0
2019-04-22 00:01:14 +0800, BME280|BH1750FVI, 26.59, 86.87, 1008.37, 0
2019-04-22 00:01:22 +0800, BME280|BH1750FVI, 26.58, 86.81, 1008.36, 0
2019-04-22 00:01:29 +0800, BME280|BH1750FVI, 26.60, 86.86, 1008.31, 0
2019-04-22 00:01:36 +0800, BME280|BH1750FVI, 26.62, 86.81, 1008.33, 0
2019-04-22 00:01:43 +0800, BME280|BH1750FVI, 26.64, 86.75, 1008.33, 0
2019-04-22 00:01:50 +0800, BME280|BH1750FVI, 26.65, 86.65, 1008.37, 0
2019-04-22 00:01:59 +0800, BME280|BH1750FVI, 26.65, 86.55, 1008.37, 0
2019-04-22 00:02:06 +0800, BME280|BH1750FVI, 26.65, 86.55, 1008.36, 0
2019-04-22 00:02:13 +0800, BME280|BH1750FVI, 26.63, 86.61, 1008.37, 0
2019-04-22 00:02:20 +0800, BME280|BH1750FVI, 26.62, 86.69, 1008.37, 0
2019-04-22 00:02:27 +0800, BME280|BH1750FVI, 26.63, 86.64, 1008.36, 0
2019-04-22 00:02:34 +0800, BME280|BH1750FVI, 26.63, 86.61, 1008.38, 0
2019-04-22 00:02:42 +0800, BME280|BH1750FVI, 26.61, 86.67, 1008.38, 0
2019-04-22 00:02:49 +0800, BME280|BH1750FVI, 26.57, 86.81, 1008.39, 0
2019-04-22 00:02:56 +0800, BME280|BH1750FVI, 26.56, 86.97, 1008.36, 0
2019-04-22 00:03:04 +0800, BME280|BH1750FVI, 26.55, 87.04, 1008.35, 0
2019-04-22 00:03:11 +0800, BME280|BH1750FVI, 26.55, 87.11, 1008.35, 0
2019-04-22 00:03:19 +0800, BME280|BH1750FVI, 26.53, 87.17, 1008.37, 0
2019-04-22 00:03:26 +0800, BME280|BH1750FVI, 26.53, 87.27, 1008.36, 0
2019-04-22 00:03:33 +0800, BME280|BH1750FVI, 26.54, 87.29, 1008.35, 0
2019-04-22 00:03:40 +0800, BME280|BH1750FVI, 26.54, 87.32, 1008.37, 0
2019-04-22 00:03:47 +0800, BME280|BH1750FVI, 26.55, 87.33, 1008.38, 0
2019-04-22 00:03:54 +0800, BME280|BH1750FVI, 26.55, 87.33, 1008.38, 0
2019-04-22 00:04:03 +0800, BME280|BH1750FVI, 26.58, 87.32, 1008.33, 0
2019-04-22 00:04:10 +0800, BME280|BH1750FVI, 26.60, 87.29, 1008.37, 0
2019-04-22 00:04:17 +0800, BME280|BH1750FVI, 26.62, 87.20, 1008.36, 0
2019-04-22 00:04:24 +0800, BME280|BH1750FVI, 26.64, 87.17, 1008.34, 0
2019-04-22 00:04:31 +0800, BME280|BH1750FVI, 26.65, 87.13, 1008.39, 0
2019-04-22 00:04:39 +0800, BME280|BH1750FVI, 26.65, 87.14, 1008.38, 0
2019-04-22 00:04:46 +0800, BME280|BH1750FVI, 26.64, 87.22, 1008.38, 0
2019-04-22 00:04:53 +0800, BME280|BH1750FVI, 26.63, 87.29, 1008.39, 0
2019-04-22 00:05:00 +0800, BME280|BH1750FVI, 26.62, 87.37, 1008.38, 0
2019-04-22 00:05:07 +0800, BME280|BH1750FVI, 26.62, 87.43, 1008.37, 0
2019-04-22 00:05:14 +0800, BME280|BH1750FVI, 26.61, 87.49, 1008.41, 0
2019-04-22 00:05:23 +0800, BME280|BH1750FVI, 26.59, 87.62, 1008.38, 0
2019-04-22 00:05:30 +0800, BME280|BH1750FVI, 26.57, 87.73, 1008.38, 0
2019-04-22 00:05:37 +0800, BME280|BH1750FVI, 26.58, 87.80, 1008.38, 0
2019-04-22 00:05:44 +0800, BME280|BH1750FVI, 26.59, 87.72, 1008.43, 0
2019-04-22 00:05:51 +0800, BME280|BH1750FVI, 26.59, 87.72, 1008.38, 0
2019-04-22 00:05:59 +0800, BME280|BH1750FVI, 26.57, 87.74, 1008.37, 0
2019-04-22 00:06:06 +0800, BME280|BH1750FVI, 26.56, 87.78, 1008.36, 0
2019-04-22 00:06:13 +0800, BME280|BH1750FVI, 26.55, 87.83, 1008.40, 0
2019-04-22 00:06:20 +0800, BME280|BH1750FVI, 26.53, 87.79, 1008.39, 0
2019-04-22 00:06:27 +0800, BME280|BH1750FVI, 26.51, 87.85, 1008.38, 0
2019-04-22 00:06:34 +0800, BME280|BH1750FVI, 26.49, 87.89, 1008.36, 0
2019-04-22 00:06:43 +0800, BME280|BH1750FVI, 26.49, 87.99, 1008.33, 0
2019-04-22 00:06:50 +0800, BME280|BH1750FVI, 26.49, 87.96, 1008.37, 0
2019-04-22 00:06:57 +0800, BME280|BH1750FVI, 26.49, 87.90, 1008.38, 0
2019-04-22 00:07:04 +0800, BME280|BH1750FVI, 26.49, 87.87, 1008.36, 0
2019-04-22 00:07:11 +0800, BME280|BH1750FVI, 26.50, 87.87, 1008.33, 0
2019-04-22 00:07:19 +0800, BME280|BH1750FVI, 26.49, 87.81, 1008.37, 0
2019-04-22 00:07:27 +0800, BME280|BH1750FVI, 26.50, 87.85, 1008.35, 0
2019-04-22 00:07:34 +0800, BME280|BH1750FVI, 26.50, 87.68, 1008.34, 0
2019-04-22 00:07:41 +0800, BME280|BH1750FVI, 26.48, 87.67, 1008.37, 0
2019-04-22 00:07:48 +0800, BME280|BH1750FVI, 26.48, 87.75, 1008.36, 0
2019-04-22 00:07:55 +0800, BME280|BH1750FVI, 26.49, 87.82, 1008.37, 0
2019-04-22 00:08:03 +0800, BME280|BH1750FVI, 26.50, 87.78, 1008.34, 0
2019-04-22 00:08:10 +0800, BME280|BH1750FVI, 26.52, 87.81, 1008.35, 0
2019-04-22 00:08:17 +0800, BME280|BH1750FVI, 26.56, 87.71, 1008.36, 0
2019-04-22 00:08:24 +0800, BME280|BH1750FVI, 26.58, 87.54, 1008.40, 0
2019-04-22 00:08:31 +0800, BME280|BH1750FVI, 26.60, 87.44, 1008.39, 0
2019-04-22 00:08:40 +0800, BME280|BH1750FVI, 26.62, 87.42, 1008.38, 0
2019-04-22 00:08:47 +0800, BME280|BH1750FVI, 26.65, 87.34, 1008.37, 0
2019-04-22 00:08:54 +0800, BME280|BH1750FVI, 26.67, 87.18, 1008.37, 0
2019-04-22 00:09:01 +0800, BME280|BH1750FVI, 26.67, 87.11, 1008.37, 0
2019-04-22 00:09:08 +0800, BME280|BH1750FVI, 26.67, 87.18, 1008.40, 0
2019-04-22 00:09:15 +0800, BME280|BH1750FVI, 26.65, 87.14, 1008.39, 0
2019-04-22 00:09:23 +0800, BME280|BH1750FVI, 26.64, 87.23, 1008.36, 0
2019-04-22 00:09:30 +0800, BME280|BH1750FVI, 26.65, 87.24, 1008.38, 0
2019-04-22 00:09:37 +0800, BME280|BH1750FVI, 26.66, 87.17, 1008.38, 0
2019-04-22 00:09:44 +0800, BME280|BH1750FVI, 26.66, 87.18, 1008.39, 0
2019-04-22 00:09:51 +0800, BME280|BH1750FVI, 26.65, 87.21, 1008.34, 0
2019-04-22 00:10:00 +0800, BME280|BH1750FVI, 26.67, 87.18, 1008.38, 0
2019-04-22 00:10:07 +0800, BME280|BH1750FVI, 26.68, 87.17, 1008.35, 0
2019-04-22 00:10:14 +0800, BME280|BH1750FVI, 26.70, 87.13, 1008.32, 0
2019-04-22 00:10:21 +0800, BME280|BH1750FVI, 26.71, 87.08, 1008.32, 0
2019-04-22 00:10:28 +0800, BME280|BH1750FVI, 26.73, 86.92, 1008.40, 0
2019-04-22 00:10:35 +0800, BME280|BH1750FVI, 26.71, 86.92, 1008.34, 0
2019-04-22 00:10:43 +0800, BME280|BH1750FVI, 26.71, 86.98, 1008.38, 0
2019-04-22 00:10:50 +0800, BME280|BH1750FVI, 26.71, 86.96, 1008.35, 0
2019-04-22 00:10:57 +0800, BME280|BH1750FVI, 26.73, 86.96, 1008.38, 0
2019-04-22 00:11:04 +0800, BME280|BH1750FVI, 26.74, 86.86, 1008.35, 0
2019-04-22 00:11:11 +0800, BME280|BH1750FVI, 26.74, 86.80, 1008.38, 0
2019-04-22 00:11:20 +0800, BME280|BH1750FVI, 26.75, 86.71, 1008.37, 0
2019-04-22 00:11:27 +0800, BME280|BH1750FVI, 26.76, 86.64, 1008.35, 0
2019-04-22 00:11:34 +0800, BME280|BH1750FVI, 26.76, 86.64, 1008.34, 0
2019-04-22 00:11:41 +0800, BME280|BH1750FVI, 26.78, 86.63, 1008.35, 0
2019-04-22 00:11:48 +0800, BME280|BH1750FVI, 26.78, 86.61, 1008.39, 0
2019-04-22 00:11:55 +0800, BME280|BH1750FVI, 26.79, 86.61, 1008.39, 0
2019-04-22 00:12:04 +0800, BME280|BH1750FVI, 26.77, 86.58, 1008.38, 0
2019-04-22 00:12:11 +0800, BME280|BH1750FVI, 26.77, 86.57, 1008.32, 0
2019-04-22 00:12:18 +0800, BME280|BH1750FVI, 26.76, 86.57, 1008.37, 0
2019-04-22 00:12:25 +0800, BME280|BH1750FVI, 26.75, 86.71, 1008.33, 0
2019-04-22 00:12:32 +0800, BME280|BH1750FVI, 26.73, 86.91, 1008.35, 0
2019-04-22 00:12:40 +0800, BME280|BH1750FVI, 26.73, 86.96, 1008.33, 0
2019-04-22 00:12:47 +0800, BME280|BH1750FVI, 26.70, 86.89, 1008.32, 0
2019-04-22 00:12:54 +0800, BME280|BH1750FVI, 26.66, 86.94, 1008.33, 0
2019-04-22 00:13:01 +0800, BME280|BH1750FVI, 26.63, 87.07, 1008.34, 0
2019-04-22 00:13:08 +0800, BME280|BH1750FVI, 26.61, 87.17, 1008.31, 0
2019-04-22 00:13:15 +0800, BME280|BH1750FVI, 26.60, 87.36, 1008.28, 0
2019-04-22 00:13:24 +0800, BME280|BH1750FVI, 26.62, 87.43, 1008.29, 0
2019-04-22 00:13:31 +0800, BME280|BH1750FVI, 26.62, 87.33, 1008.35, 0
2019-04-22 00:13:38 +0800, BME280|BH1750FVI, 26.63, 87.25, 1008.33, 0
2019-04-22 00:13:45 +0800, BME280|BH1750FVI, 26.61, 87.24, 1008.33, 0
2019-04-22 00:13:52 +0800, BME280|BH1750FVI, 26.60, 87.27, 1008.27, 0
2019-04-22 00:14:00 +0800, BME280|BH1750FVI, 26.60, 87.34, 1008.32, 0
2019-04-22 00:14:07 +0800, BME280|BH1750FVI, 26.61, 87.34, 1008.33, 0
2019-04-22 00:14:14 +0800, BME280|BH1750FVI, 26.61, 87.35, 1008.30, 0
2019-04-22 00:14:25 +0800, BME280|BH1750FVI, 26.60, 87.35, 1008.27, 0
2019-04-22 00:14:32 +0800, BME280|BH1750FVI, 26.61, 87.35, 1008.33, 0
2019-04-22 00:14:40 +0800, BME280|BH1750FVI, 26.61, 87.34, 1008.29, 0
2019-04-22 00:14:47 +0800, BME280|BH1750FVI, 26.63, 87.26, 1008.29, 0
2019-04-22 00:14:54 +0800, BME280|BH1750FVI, 26.62, 87.19, 1008.29, 0
2019-04-22 00:15:01 +0800, BME280|BH1750FVI, 26.60, 87.14, 1008.32, 0
2019-04-22 00:15:08 +0800, BME280|BH1750FVI, 26.59, 87.28, 1008.29, 0
2019-04-22 00:15:15 +0800, BME280|BH1750FVI, 26.60, 87.36, 1008.27, 0
2019-04-22 00:15:24 +0800, BME280|BH1750FVI, 26.61, 87.37, 1008.31, 0
2019-04-22 00:15:31 +0800, BME280|BH1750FVI, 26.60, 87.36, 1008.28, 0
2019-04-22 00:15:38 +0800, BME280|BH1750FVI, 26.60, 87.41, 1008.26, 0
2019-04-22 00:15:45 +0800, BME280|BH1750FVI, 26.60, 87.45, 1008.31, 0
2019-04-22 00:15:52 +0800, BME280|BH1750FVI, 26.63, 87.44, 1008.31, 0
2019-04-22 00:16:01 +0800, BME280|BH1750FVI, 26.63, 87.35, 1008.26, 0
2019-04-22 00:16:08 +0800, BME280|BH1750FVI, 26.62, 87.29, 1008.28, 0
2019-04-22 00:16:15 +0800, BME280|BH1750FVI, 26.60, 87.19, 1008.30, 0
2019-04-22 00:16:22 +0800, BME280|BH1750FVI, 26.58, 87.18, 1008.30, 0
2019-04-22 00:16:29 +0800, BME280|BH1750FVI, 26.57, 87.32, 1008.29, 0
2019-04-22 00:16:36 +0800, BME280|BH1750FVI, 26.56, 87.34, 1008.30, 0
2019-04-22 00:16:44 +0800, BME280|BH1750FVI, 26.55, 87.25, 1008.25, 0
2019-04-22 00:16:51 +0800, BME280|BH1750FVI, 26.52, 87.33, 1008.28, 0
2019-04-22 00:16:58 +0800, BME280|BH1750FVI, 26.49, 87.36, 1008.25, 0
2019-04-22 00:17:05 +0800, BME280|BH1750FVI, 26.48, 87.50, 1008.28, 0
2019-04-22 00:17:12 +0800, BME280|BH1750FVI, 26.48, 87.52, 1008.24, 0
2019-04-22 00:17:21 +0800, BME280|BH1750FVI, 26.46, 87.59, 1008.24, 0
2019-04-22 00:17:28 +0800, BME280|BH1750FVI, 26.44, 87.67, 1008.21, 0
2019-04-22 00:17:35 +0800, BME280|BH1750FVI, 26.43, 87.81, 1008.26, 0
2019-04-22 00:17:42 +0800, BME280|BH1750FVI, 26.42, 87.91, 1008.28, 0
2019-04-22 00:17:49 +0800, BME280|BH1750FVI, 26.39, 87.95, 1008.26, 0
2019-04-22 00:17:56 +0800, BME280|BH1750FVI, 26.37, 88.08, 1008.25, 0
2019-04-22 00:18:04 +0800, BME280|BH1750FVI, 26.38, 88.09, 1008.26, 0
2019-04-22 00:18:11 +0800, BME280|BH1750FVI, 26.39, 88.13, 1008.24, 0
2019-04-22 00:18:18 +0800, BME280|BH1750FVI, 26.40, 88.05, 1008.24, 0
2019-04-22 00:18:25 +0800, BME280|BH1750FVI, 26.41, 87.93, 1008.25, 0
2019-04-22 00:18:32 +0800, BME280|BH1750FVI, 26.42, 87.82, 1008.25, 0
2019-04-22 00:18:41 +0800, BME280|BH1750FVI, 26.40, 87.60, 1008.23, 0
2019-04-22 00:18:48 +0800, BME280|BH1750FVI, 26.41, 87.61, 1008.25, 0
2019-04-22 00:18:55 +0800, BME280|BH1750FVI, 26.40, 87.66, 1008.23, 0
2019-04-22 00:19:02 +0800, BME280|BH1750FVI, 26.40, 87.78, 1008.26, 0
2019-04-22 00:19:09 +0800, BME280|BH1750FVI, 26.42, 87.86, 1008.24, 0
2019-04-22 00:19:16 +0800, BME280|BH1750FVI, 26.43, 87.84, 1008.22, 0
2019-04-22 00:19:24 +0800, BME280|BH1750FVI, 26.43, 87.83, 1008.23, 0
2019-04-22 00:19:31 +0800, BME280|BH1750FVI, 26.45, 87.83, 1008.25, 0
2019-04-22 00:19:38 +0800, BME280|BH1750FVI, 26.45, 87.84, 1008.23, 0
2019-04-22 00:19:45 +0800, BME280|BH1750FVI, 26.44, 87.93, 1008.21, 0
2019-04-22 00:19:52 +0800, BME280|BH1750FVI, 26.44, 87.96, 1008.18, 0
2019-04-22 00:20:01 +0800, BME280|BH1750FVI, 26.45, 87.96, 1008.24, 0
2019-04-22 00:20:08 +0800, BME280|BH1750FVI, 26.45, 87.97, 1008.19, 0
2019-04-22 00:20:15 +0800, BME280|BH1750FVI, 26.46, 87.90, 1008.19, 0
2019-04-22 00:20:22 +0800, BME280|BH1750FVI, 26.47, 87.90, 1008.22, 0
2019-04-22 00:20:29 +0800, BME280|BH1750FVI, 26.47, 87.85, 1008.20, 0
2019-04-22 00:20:36 +0800, BME280|BH1750FVI, 26.48, 87.86, 1008.24, 0
2019-04-22 00:20:45 +0800, BME280|BH1750FVI, 26.49, 87.79, 1008.21, 0
2019-04-22 00:20:52 +0800, BME280|BH1750FVI, 26.50, 87.77, 1008.19, 0
2019-04-22 00:20:59 +0800, BME280|BH1750FVI, 26.50, 87.77, 1008.17, 0
2019-04-22 00:21:06 +0800, BME280|BH1750FVI, 26.48, 87.75, 1008.21, 0
2019-04-22 00:21:13 +0800, BME280|BH1750FVI, 26.48, 87.86, 1008.17, 0
2019-04-22 00:21:21 +0800, BME280|BH1750FVI, 26.49, 87.94, 1008.19, 0
2019-04-22 00:21:28 +0800, BME280|BH1750FVI, 26.49, 87.93, 1008.20, 0
2019-04-22 00:21:35 +0800, BME280|BH1750FVI, 26.50, 87.93, 1008.19, 0
2019-04-22 00:21:42 +0800, BME280|BH1750FVI, 26.52, 87.92, 1008.23, 0
2019-04-22 00:21:49 +0800, BME280|BH1750FVI, 26.54, 87.86, 1008.21, 0
2019-04-22 00:21:56 +0800, BME280|BH1750FVI, 26.56, 87.69, 1008.22, 0
2019-04-22 00:22:05 +0800, BME280|BH1750FVI, 26.55, 87.68, 1008.22, 0
2019-04-22 00:22:12 +0800, BME280|BH1750FVI, 26.56, 87.70, 1008.22, 0
2019-04-22 00:22:19 +0800, BME280|BH1750FVI, 26.57, 87.70, 1008.25, 0
2019-04-22 00:22:26 +0800, BME280|BH1750FVI, 26.57, 87.69, 1008.20, 0
2019-04-22 00:22:33 +0800, BME280|BH1750FVI, 26.59, 87.64, 1008.25, 0
2019-04-22 00:22:41 +0800, BME280|BH1750FVI, 26.61, 87.60, 1008.23, 0
2019-04-22 00:22:48 +0800, BME280|BH1750FVI, 26.62, 87.50, 1008.23, 0
2019-04-22 00:22:55 +0800, BME280|BH1750FVI, 26.61, 87.45, 1008.23, 0
2019-04-22 00:23:02 +0800, BME280|BH1750FVI, 26.61, 87.49, 1008.25, 0
2019-04-22 00:23:09 +0800, BME280|BH1750FVI, 26.61, 87.54, 1008.23, 0
2019-04-22 00:23:16 +0800, BME280|BH1750FVI, 26.62, 87.52, 1008.24, 0
2019-04-22 00:23:25 +0800, BME280|BH1750FVI, 26.62, 87.46, 1008.24, 0
2019-04-22 00:23:32 +0800, BME280|BH1750FVI, 26.62, 87.47, 1008.22, 0
2019-04-22 00:23:39 +0800, BME280|BH1750FVI, 26.61, 87.45, 1008.22, 0
2019-04-22 00:23:46 +0800, BME280|BH1750FVI, 26.63, 87.45, 1008.23, 0
2019-04-22 00:23:53 +0800, BME280|BH1750FVI, 26.63, 87.44, 1008.24, 0
2019-04-22 00:24:01 +0800, BME280|BH1750FVI, 26.63, 87.44, 1008.23, 0
2019-04-22 00:24:09 +0800, BME280|BH1750FVI, 26.64, 87.32, 1008.23, 0
2019-04-22 00:24:16 +0800, BME280|BH1750FVI, 26.64, 87.28, 1008.26, 0
2019-04-22 00:24:23 +0800, BME280|BH1750FVI, 26.65, 87.27, 1008.26, 0
2019-04-22 00:24:30 +0800, BME280|BH1750FVI, 26.65, 87.21, 1008.25, 0
2019-04-22 00:24:37 +0800, BME280|BH1750FVI, 26.65, 87.15, 1008.24, 0
2019-04-22 00:24:45 +0800, BME280|BH1750FVI, 26.65, 87.11, 1008.26, 0
2019-04-22 00:24:52 +0800, BME280|BH1750FVI, 26.66, 87.15, 1008.24, 0
2019-04-22 00:24:59 +0800, BME280|BH1750FVI, 26.66, 87.16, 1008.24, 0
2019-04-22 00:25:06 +0800, BME280|BH1750FVI, 26.66, 87.15, 1008.23, 0
2019-04-22 00:25:13 +0800, BME280|BH1750FVI, 26.67, 87.18, 1008.28, 0
2019-04-22 00:25:22 +0800, BME280|BH1750FVI, 26.67, 87.17, 1008.29, 0
2019-04-22 00:25:29 +0800, BME280|BH1750FVI, 26.67, 87.20, 1008.29, 0
2019-04-22 00:25:36 +0800, BME280|BH1750FVI, 26.67, 87.26, 1008.27, 0
2019-04-22 00:25:43 +0800, BME280|BH1750FVI, 26.66, 87.32, 1008.28, 0
2019-04-22 00:25:50 +0800, BME280|BH1750FVI, 26.67, 87.36, 1008.23, 0
2019-04-22 00:25:57 +0800, BME280|BH1750FVI, 26.67, 87.37, 1008.25, 0
2019-04-22 00:26:05 +0800, BME280|BH1750FVI, 26.67, 87.30, 1008.27, 0
2019-04-22 00:26:12 +0800, BME280|BH1750FVI, 26.68, 87.32, 1008.29, 0
2019-04-22 00:26:19 +0800, BME280|BH1750FVI, 26.68, 87.36, 1008.25, 0
2019-04-22 00:26:26 +0800, BME280|BH1750FVI, 26.68, 87.35, 1008.24, 0
2019-04-22 00:26:33 +0800, BME280|BH1750FVI, 26.68, 87.31, 1008.25, 0
2019-04-22 00:26:42 +0800, BME280|BH1750FVI, 26.68, 87.31, 1008.28, 0
2019-04-22 00:26:49 +0800, BME280|BH1750FVI, 26.66, 87.38, 1008.29, 0
2019-04-22 00:26:56 +0800, BME280|BH1750FVI, 26.65, 87.52, 1008.29, 0
2019-04-22 00:27:03 +0800, BME280|BH1750FVI, 26.64, 87.64, 1008.28, 0
2019-04-22 00:27:10 +0800, BME280|BH1750FVI, 26.64, 87.70, 1008.29, 0
2019-04-22 00:27:17 +0800, BME280|BH1750FVI, 26.63, 87.68, 1008.27, 0
2019-04-22 00:27:25 +0800, BME280|BH1750FVI, 26.62, 87.75, 1008.28, 0
2019-04-22 00:27:32 +0800, BME280|BH1750FVI, 26.60, 87.83, 1008.29, 0
2019-04-22 00:27:39 +0800, BME280|BH1750FVI, 26.61, 87.85, 1008.31, 0
2019-04-22 00:27:46 +0800, BME280|BH1750FVI, 26.62, 87.85, 1008.28, 0
2019-04-22 00:27:53 +0800, BME280|BH1750FVI, 26.63, 87.75, 1008.29, 0
2019-04-22 00:28:02 +0800, BME280|BH1750FVI, 26.63, 87.65, 1008.30, 0
2019-04-22 00:28:09 +0800, BME280|BH1750FVI, 26.63, 87.69, 1008.26, 0
2019-04-22 00:28:16 +0800, BME280|BH1750FVI, 26.63, 87.68, 1008.28, 0
2019-04-22 00:28:23 +0800, BME280|BH1750FVI, 26.62, 87.64, 1008.29, 0
2019-04-22 00:28:30 +0800, BME280|BH1750FVI, 26.63, 87.65, 1008.29, 0
2019-04-22 00:28:37 +0800, BME280|BH1750FVI, 26.63, 87.67, 1008.28, 0
2019-04-22 00:28:46 +0800, BME280|BH1750FVI, 26.64, 87.65, 1008.28, 0
2019-04-22 00:28:53 +0800, BME280|BH1750FVI, 26.64, 87.65, 1008.26, 0
2019-04-22 00:29:00 +0800, BME280|BH1750FVI, 26.63, 87.68, 1008.24, 0
2019-04-22 00:29:10 +0800, BME280|BH1750FVI, 26.62, 87.77, 1008.26, 0
2019-04-22 00:29:17 +0800, BME280|BH1750FVI, 26.59, 87.89, 1008.25, 0
2019-04-22 00:29:26 +0800, BME280|BH1750FVI, 26.59, 87.88, 1008.26, 0
2019-04-22 00:29:33 +0800, BME280|BH1750FVI, 26.59, 87.87, 1008.25, 0
2019-04-22 00:29:40 +0800, BME280|BH1750FVI, 26.59, 87.89, 1008.24, 0
2019-04-22 00:29:47 +0800, BME280|BH1750FVI, 26.59, 87.93, 1008.30, 0
2019-04-22 00:29:54 +0800, BME280|BH1750FVI, 26.59, 87.95, 1008.27, 0
2019-04-22 00:30:02 +0800, BME280|BH1750FVI, 26.61, 87.92, 1008.24, 0
2019-04-22 00:30:09 +0800, BME280|BH1750FVI, 26.61, 87.88, 1008.26, 0
2019-04-22 00:30:16 +0800, BME280|BH1750FVI, 26.61, 87.90, 1008.27, 0
2019-04-22 00:30:23 +0800, BME280|BH1750FVI, 26.61, 87.98, 1008.25, 0
2019-04-22 00:30:30 +0800, BME280|BH1750FVI, 26.61, 88.03, 1008.26, 0
2019-04-22 00:30:37 +0800, BME280|BH1750FVI, 26.61, 88.05, 1008.24, 0
2019-04-22 00:30:46 +0800, BME280|BH1750FVI, 26.61, 88.11, 1008.23, 0
2019-04-22 00:30:53 +0800, BME280|BH1750FVI, 26.62, 88.13, 1008.26, 0
2019-04-22 00:31:00 +0800, BME280|BH1750FVI, 26.64, 88.12, 1008.23, 0
2019-04-22 00:31:07 +0800, BME280|BH1750FVI, 26.65, 88.01, 1008.25, 0
2019-04-22 00:31:14 +0800, BME280|BH1750FVI, 26.66, 88.07, 1008.21, 0
2019-04-22 00:31:22 +0800, BME280|BH1750FVI, 26.67, 87.89, 1008.22, 0
2019-04-22 00:31:29 +0800, BME280|BH1750FVI, 26.67, 87.85, 1008.20, 0
2019-04-22 00:31:36 +0800, BME280|BH1750FVI, 26.65, 87.82, 1008.25, 0
2019-04-22 00:31:43 +0800, BME280|BH1750FVI, 26.63, 87.86, 1008.22, 0
2019-04-22 00:31:50 +0800, BME280|BH1750FVI, 26.62, 87.73, 1008.20, 0
2019-04-22 00:31:57 +0800, BME280|BH1750FVI, 26.59, 87.73, 1008.24, 0
2019-04-22 00:32:06 +0800, BME280|BH1750FVI, 26.59, 87.87, 1008.21, 0
2019-04-22 00:32:13 +0800, BME280|BH1750FVI, 26.59, 87.81, 1008.20, 0
2019-04-22 00:32:20 +0800, BME280|BH1750FVI, 26.59, 87.85, 1008.19, 0
2019-04-22 00:32:27 +0800, BME280|BH1750FVI, 26.60, 87.87, 1008.19, 0
2019-04-22 00:32:34 +0800, BME280|BH1750FVI, 26.60, 87.84, 1008.18, 0
2019-04-22 00:32:43 +0800, BME280|BH1750FVI, 26.59, 87.92, 1008.22, 0
2019-04-22 00:32:50 +0800, BME280|BH1750FVI, 26.60, 87.97, 1008.21, 0
2019-04-22 00:32:57 +0800, BME280|BH1750FVI, 26.61, 88.03, 1008.20, 0
2019-04-22 00:33:04 +0800, BME280|BH1750FVI, 26.61, 88.05, 1008.20, 0
2019-04-22 00:33:11 +0800, BME280|BH1750FVI, 26.62, 88.04, 1008.18, 0
2019-04-22 00:33:18 +0800, BME280|BH1750FVI, 26.62, 88.02, 1008.18, 0
2019-04-22 00:33:26 +0800, BME280|BH1750FVI, 26.61, 88.03, 1008.16, 0
2019-04-22 00:33:33 +0800, BME280|BH1750FVI, 26.60, 87.93, 1008.19, 0
2019-04-22 00:33:40 +0800, BME280|BH1750FVI, 26.57, 88.01, 1008.22, 0
2019-04-22 00:33:47 +0800, BME280|BH1750FVI, 26.55, 88.18, 1008.18, 0
2019-04-22 00:33:54 +0800, BME280|BH1750FVI, 26.53, 88.29, 1008.19, 0
2019-04-22 00:34:03 +0800, BME280|BH1750FVI, 26.51, 88.48, 1008.19, 0
2019-04-22 00:34:10 +0800, BME280|BH1750FVI, 26.52, 88.47, 1008.17, 0
2019-04-22 00:34:17 +0800, BME280|BH1750FVI, 26.53, 88.50, 1008.23, 0
2019-04-22 00:34:24 +0800, BME280|BH1750FVI, 26.53, 88.57, 1008.20, 0
2019-04-22 00:34:31 +0800, BME280|BH1750FVI, 26.53, 88.58, 1008.21, 0
2019-04-22 00:34:38 +0800, BME280|BH1750FVI, 26.55, 88.55, 1008.19, 0
2019-04-22 00:34:46 +0800, BME280|BH1750FVI, 26.56, 88.52, 1008.14, 0
2019-04-22 00:34:53 +0800, BME280|BH1750FVI, 26.58, 88.47, 1008.18, 0
2019-04-22 00:35:00 +0800, BME280|BH1750FVI, 26.59, 88.38, 1008.23, 0
2019-04-22 00:35:07 +0800, BME280|BH1750FVI, 26.60, 88.35, 1008.20, 0
2019-04-22 00:35:14 +0800, BME280|BH1750FVI, 26.60, 88.36, 1008.21, 0
2019-04-22 00:35:23 +0800, BME280|BH1750FVI, 26.62, 88.30, 1008.19, 0
2019-04-22 00:35:30 +0800, BME280|BH1750FVI, 26.61, 88.23, 1008.20, 0
2019-04-22 00:35:37 +0800, BME280|BH1750FVI, 26.61, 88.28, 1008.20, 0
2019-04-22 00:35:44 +0800, BME280|BH1750FVI, 26.60, 88.29, 1008.18, 0
2019-04-22 00:35:51 +0800, BME280|BH1750FVI, 26.61, 88.30, 1008.16, 0
2019-04-22 00:35:58 +0800, BME280|BH1750FVI, 26.63, 88.26, 1008.17, 0
2019-04-22 00:36:06 +0800, BME280|BH1750FVI, 26.65, 88.18, 1008.19, 0
2019-04-22 00:36:13 +0800, BME280|BH1750FVI, 26.66, 88.12, 1008.16, 0
2019-04-22 00:36:20 +0800, BME280|BH1750FVI, 26.66, 88.06, 1008.18, 0
2019-04-22 00:36:27 +0800, BME280|BH1750FVI, 26.67, 88.04, 1008.16, 0
2019-04-22 00:36:34 +0800, BME280|BH1750FVI, 26.67, 88.04, 1008.15, 0
2019-04-22 00:36:43 +0800, BME280|BH1750FVI, 26.66, 88.00, 1008.15, 0
2019-04-22 00:36:50 +0800, BME280|BH1750FVI, 26.67, 88.02, 1008.11, 0
2019-04-22 00:36:57 +0800, BME280|BH1750FVI, 26.69, 87.98, 1008.15, 0
2019-04-22 00:37:04 +0800, BME280|BH1750FVI, 26.69, 87.94, 1008.14, 0
2019-04-22 00:37:11 +0800, BME280|BH1750FVI, 26.71, 87.81, 1008.12, 0
2019-04-22 00:37:18 +0800, BME280|BH1750FVI, 26.70, 87.81, 1008.12, 0
2019-04-22 00:37:27 +0800, BME280|BH1750FVI, 26.70, 87.83, 1008.17, 0
2019-04-22 00:37:34 +0800, BME280|BH1750FVI, 26.71, 87.79, 1008.11, 0
2019-04-22 00:37:41 +0800, BME280|BH1750FVI, 26.73, 87.78, 1008.14, 0
2019-04-22 00:37:48 +0800, BME280|BH1750FVI, 26.75, 87.66, 1008.13, 0
2019-04-22 00:37:55 +0800, BME280|BH1750FVI, 26.76, 87.58, 1008.15, 0
2019-04-22 00:38:03 +0800, BME280|BH1750FVI, 26.78, 87.50, 1008.13, 0
2019-04-22 00:38:10 +0800, BME280|BH1750FVI, 26.79, 87.42, 1008.13, 0
2019-04-22 00:38:17 +0800, BME280|BH1750FVI, 26.80, 87.34, 1008.12, 0
2019-04-22 00:38:24 +0800, BME280|BH1750FVI, 26.80, 87.27, 1008.13, 0
2019-04-22 00:38:31 +0800, BME280|BH1750FVI, 26.78, 87.24, 1008.13, 0
2019-04-22 00:38:38 +0800, BME280|BH1750FVI, 26.75, 87.31, 1008.13, 0
2019-04-22 00:38:47 +0800, BME280|BH1750FVI, 26.74, 87.39, 1008.11, 0
2019-04-22 00:38:54 +0800, BME280|BH1750FVI, 26.73, 87.41, 1008.14, 0
2019-04-22 00:39:01 +0800, BME280|BH1750FVI, 26.73, 87.48, 1008.14, 0
2019-04-22 00:39:08 +0800, BME280|BH1750FVI, 26.74, 87.51, 1008.10, 0
2019-04-22 00:39:15 +0800, BME280|BH1750FVI, 26.74, 87.50, 1008.14, 0
2019-04-22 00:39:23 +0800, BME280|BH1750FVI, 26.74, 87.45, 1008.10, 0
2019-04-22 00:39:30 +0800, BME280|BH1750FVI, 26.72, 87.47, 1008.14, 0
2019-04-22 00:39:37 +0800, BME280|BH1750FVI, 26.74, 87.54, 1008.13, 0
2019-04-22 00:39:44 +0800, BME280|BH1750FVI, 26.73, 87.47, 1008.11, 0
2019-04-22 00:39:51 +0800, BME280|BH1750FVI, 26.71, 87.60, 1008.09, 0
2019-04-22 00:39:58 +0800, BME280|BH1750FVI, 26.71, 87.55, 1008.08, 0
2019-04-22 00:40:07 +0800, BME280|BH1750FVI, 26.69, 87.57, 1008.07, 0
2019-04-22 00:40:14 +0800, BME280|BH1750FVI, 26.68, 87.59, 1008.08, 0
2019-04-22 00:40:21 +0800, BME280|BH1750FVI, 26.66, 87.62, 1008.08, 0
2019-04-22 00:40:28 +0800, BME280|BH1750FVI, 26.64, 87.72, 1008.09, 0
2019-04-22 00:40:35 +0800, BME280|BH1750FVI, 26.62, 87.81, 1008.08, 0
2019-04-22 00:40:43 +0800, BME280|BH1750FVI, 26.62, 87.92, 1008.10, 0
2019-04-22 00:40:50 +0800, BME280|BH1750FVI, 26.63, 87.93, 1008.10, 0
2019-04-22 00:40:58 +0800, BME280|BH1750FVI, 26.62, 87.83, 1008.09, 0
2019-04-22 00:41:05 +0800, BME280|BH1750FVI, 26.62, 87.88, 1008.11, 0
2019-04-22 00:41:12 +0800, BME280|BH1750FVI, 26.59, 87.94, 1008.11, 0
2019-04-22 00:41:19 +0800, BME280|BH1750FVI, 26.60, 87.98, 1008.10, 0
2019-04-22 00:41:27 +0800, BME280|BH1750FVI, 26.60, 87.99, 1008.12, 0
2019-04-22 00:41:34 +0800, BME280|BH1750FVI, 26.60, 87.96, 1008.12, 0
2019-04-22 00:41:41 +0800, BME280|BH1750FVI, 26.59, 87.98, 1008.11, 0
2019-04-22 00:41:48 +0800, BME280|BH1750FVI, 26.60, 87.97, 1008.12, 0
2019-04-22 00:41:55 +0800, BME280|BH1750FVI, 26.58, 87.85, 1008.13, 0
2019-04-22 00:42:04 +0800, BME280|BH1750FVI, 26.57, 87.92, 1008.14, 0
2019-04-22 00:42:11 +0800, BME280|BH1750FVI, 26.56, 88.01, 1008.10, 0
2019-04-22 00:42:18 +0800, BME280|BH1750FVI, 26.56, 88.05, 1008.12, 0
2019-04-22 00:42:25 +0800, BME280|BH1750FVI, 26.57, 88.11, 1008.11, 0
2019-04-22 00:42:32 +0800, BME280|BH1750FVI, 26.59, 88.07, 1008.11, 0
2019-04-22 00:42:39 +0800, BME280|BH1750FVI, 26.60, 87.96, 1008.10, 0
2019-04-22 00:42:47 +0800, BME280|BH1750FVI, 26.62, 87.95, 1008.09, 0
2019-04-22 00:42:54 +0800, BME280|BH1750FVI, 26.61, 87.88, 1008.12, 0
2019-04-22 00:43:01 +0800, BME280|BH1750FVI, 26.59, 87.94, 1008.10, 0
2019-04-22 00:43:08 +0800, BME280|BH1750FVI, 26.62, 87.99, 1008.12, 0
2019-04-22 00:43:15 +0800, BME280|BH1750FVI, 26.62, 87.88, 1008.12, 0
2019-04-22 00:43:24 +0800, BME280|BH1750FVI, 26.62, 87.77, 1008.08, 0
2019-04-22 00:43:34 +0800, BME280|BH1750FVI, 26.63, 87.85, 1008.13, 0
2019-04-22 00:43:41 +0800, BME280|BH1750FVI, 26.63, 87.77, 1008.12, 0
2019-04-22 00:43:48 +0800, BME280|BH1750FVI, 26.61, 87.79, 1008.10, 0
2019-04-22 00:43:55 +0800, BME280|BH1750FVI, 26.59, 87.86, 1008.10, 0
2019-04-22 00:44:04 +0800, BME280|BH1750FVI, 26.54, 88.04, 1008.09, 0
2019-04-22 00:44:11 +0800, BME280|BH1750FVI, 26.54, 88.21, 1008.10, 0
2019-04-22 00:44:18 +0800, BME280|BH1750FVI, 26.54, 88.19, 1008.12, 0
2019-04-22 00:44:25 +0800, BME280|BH1750FVI, 26.54, 88.16, 1008.10, 0
2019-04-22 00:44:32 +0800, BME280|BH1750FVI, 26.54, 88.10, 1008.12, 0
2019-04-22 00:44:39 +0800, BME280|BH1750FVI, 26.55, 88.00, 1008.12, 0
2019-04-22 00:44:47 +0800, BME280|BH1750FVI, 26.55, 87.98, 1008.12, 0
2019-04-22 00:44:54 +0800, BME280|BH1750FVI, 26.55, 87.97, 1008.11, 0
2019-04-22 00:45:01 +0800, BME280|BH1750FVI, 26.57, 87.94, 1008.09, 0
2019-04-22 00:45:09 +0800, BME280|BH1750FVI, 26.56, 87.86, 1008.09, 0
2019-04-22 00:45:16 +0800, BME280|BH1750FVI, 26.54, 87.75, 1008.09, 0
2019-04-22 00:45:24 +0800, BME280|BH1750FVI, 26.47, 87.81, 1008.06, 0
2019-04-22 00:45:31 +0800, BME280|BH1750FVI, 26.44, 88.02, 1008.07, 0
2019-04-22 00:45:38 +0800, BME280|BH1750FVI, 26.39, 88.20, 1008.09, 0
2019-04-22 00:45:45 +0800, BME280|BH1750FVI, 26.34, 88.51, 1008.06, 0
2019-04-22 00:45:52 +0800, BME280|BH1750FVI, 26.32, 88.80, 1008.08, 0
2019-04-22 00:45:59 +0800, BME280|BH1750FVI, 26.31, 88.93, 1008.09, 0
2019-04-22 00:46:08 +0800, BME280|BH1750FVI, 26.31, 89.06, 1008.06, 0
2019-04-22 00:46:15 +0800, BME280|BH1750FVI, 26.33, 89.07, 1008.08, 0
2019-04-22 00:46:22 +0800, BME280|BH1750FVI, 26.34, 89.02, 1008.06, 0
2019-04-22 00:46:29 +0800, BME280|BH1750FVI, 26.35, 88.96, 1008.09, 0
2019-04-22 00:46:36 +0800, BME280|BH1750FVI, 26.36, 88.99, 1008.04, 0
2019-04-22 00:46:44 +0800, BME280|BH1750FVI, 26.39, 88.96, 1008.03, 0
2019-04-22 00:46:51 +0800, BME280|BH1750FVI, 26.40, 88.84, 1008.05, 0
2019-04-22 00:46:58 +0800, BME280|BH1750FVI, 26.40, 88.74, 1008.02, 0
2019-04-22 00:47:05 +0800, BME280|BH1750FVI, 26.38, 88.68, 1008.02, 0
2019-04-22 00:47:12 +0800, BME280|BH1750FVI, 26.36, 88.72, 1008.00, 0
2019-04-22 00:47:19 +0800, BME280|BH1750FVI, 26.36, 88.63, 1008.06, 0
2019-04-22 00:47:28 +0800, BME280|BH1750FVI, 26.37, 88.56, 1008.03, 0
2019-04-22 00:47:35 +0800, BME280|BH1750FVI, 26.36, 88.50, 1008.03, 0
2019-04-22 00:47:42 +0800, BME280|BH1750FVI, 26.35, 88.53, 1008.01, 0
2019-04-22 00:47:49 +0800, BME280|BH1750FVI, 26.32, 88.50, 1007.97, 0
2019-04-22 00:47:56 +0800, BME280|BH1750FVI, 26.31, 88.65, 1008.01, 0
2019-04-22 00:48:04 +0800, BME280|BH1750FVI, 26.28, 88.63, 1007.96, 0
2019-04-22 00:48:11 +0800, BME280|BH1750FVI, 26.26, 88.73, 1007.95, 0
2019-04-22 00:48:18 +0800, BME280|BH1750FVI, 26.23, 88.86, 1007.93, 0
2019-04-22 00:48:25 +0800, BME280|BH1750FVI, 26.23, 88.99, 1007.95, 0
2019-04-22 00:48:32 +0800, BME280|BH1750FVI, 26.26, 89.04, 1007.97, 0
2019-04-22 00:48:39 +0800, BME280|BH1750FVI, 26.26, 89.00, 1007.97, 0
2019-04-22 00:48:48 +0800, BME280|BH1750FVI, 26.26, 88.97, 1007.93, 0
2019-04-22 00:48:55 +0800, BME280|BH1750FVI, 26.27, 88.98, 1007.95, 0
2019-04-22 00:49:02 +0800, BME280|BH1750FVI, 26.27, 88.95, 1007.94, 0
2019-04-22 00:49:09 +0800, BME280|BH1750FVI, 26.27, 89.00, 1007.91, 0
2019-04-22 00:49:16 +0800, BME280|BH1750FVI, 26.27, 88.97, 1007.94, 0
2019-04-22 00:49:28 +0800, BME280|BH1750FVI, 26.27, 89.04, 1007.92, 0
2019-04-22 00:49:35 +0800, BME280|BH1750FVI, 26.28, 89.11, 1007.91, 0
2019-04-22 00:49:42 +0800, BME280|BH1750FVI, 26.29, 89.11, 1007.95, 0
2019-04-22 00:49:49 +0800, BME280|BH1750FVI, 26.30, 89.07, 1007.91, 0
2019-04-22 00:49:56 +0800, BME280|BH1750FVI, 26.31, 88.98, 1007.92, 0
2019-04-22 00:50:05 +0800, BME280|BH1750FVI, 26.30, 88.94, 1007.89, 0
2019-04-22 00:50:12 +0800, BME280|BH1750FVI, 26.29, 88.99, 1007.91, 0
2019-04-22 00:50:19 +0800, BME280|BH1750FVI, 26.28, 89.07, 1007.85, 0
2019-04-22 00:50:26 +0800, BME280|BH1750FVI, 26.26, 89.16, 1007.88, 0
2019-04-22 00:50:33 +0800, BME280|BH1750FVI, 26.23, 89.23, 1007.89, 0
2019-04-22 00:50:40 +0800, BME280|BH1750FVI, 26.21, 89.37, 1007.90, 0
2019-04-22 00:50:48 +0800, BME280|BH1750FVI, 26.21, 89.43, 1007.90, 0
2019-04-22 00:50:55 +0800, BME280|BH1750FVI, 26.21, 89.49, 1007.88, 0
2019-04-22 00:51:02 +0800, BME280|BH1750FVI, 26.22, 89.57, 1007.86, 0
2019-04-22 00:51:09 +0800, BME280|BH1750FVI, 26.22, 89.56, 1007.87, 0
2019-04-22 00:51:16 +0800, BME280|BH1750FVI, 26.21, 89.61, 1007.89, 0
2019-04-22 00:51:25 +0800, BME280|BH1750FVI, 26.20, 89.60, 1007.89, 0
2019-04-22 00:51:32 +0800, BME280|BH1750FVI, 26.20, 89.69, 1007.94, 0
2019-04-22 00:51:39 +0800, BME280|BH1750FVI, 26.20, 89.70, 1007.93, 0
2019-04-22 00:51:46 +0800, BME280|BH1750FVI, 26.19, 89.69, 1007.94, 0
2019-04-22 00:51:53 +0800, BME280|BH1750FVI, 26.21, 89.74, 1007.95, 0
2019-04-22 00:52:00 +0800, BME280|BH1750FVI, 26.22, 89.63, 1007.90, 0
2019-04-22 00:52:08 +0800, BME280|BH1750FVI, 26.25, 89.49, 1007.90, 0
2019-04-22 00:52:15 +0800, BME280|BH1750FVI, 26.25, 89.46, 1007.92, 0
2019-04-22 00:52:22 +0800, BME280|BH1750FVI, 26.26, 89.48, 1007.92, 0
2019-04-22 00:52:29 +0800, BME280|BH1750FVI, 26.28, 89.49, 1007.94, 0
2019-04-22 00:52:36 +0800, BME280|BH1750FVI, 26.28, 89.43, 1007.89, 0
2019-04-22 00:52:45 +0800, BME280|BH1750FVI, 26.28, 89.41, 1007.91, 0
2019-04-22 00:52:52 +0800, BME280|BH1750FVI, 26.28, 89.45, 1007.92, 0
2019-04-22 00:52:59 +0800, BME280|BH1750FVI, 26.27, 89.49, 1007.92, 0
2019-04-22 00:53:06 +0800, BME280|BH1750FVI, 26.26, 89.51, 1007.91, 0
2019-04-22 00:53:13 +0800, BME280|BH1750FVI, 26.26, 89.61, 1007.93, 0
2019-04-22 00:53:20 +0800, BME280|BH1750FVI, 26.27, 89.55, 1007.94, 0
2019-04-22 00:53:28 +0800, BME280|BH1750FVI, 26.27, 89.48, 1007.94, 0
2019-04-22 00:53:36 +0800, BME280|BH1750FVI, 26.27, 89.59, 1007.93, 0
2019-04-22 00:53:43 +0800, BME280|BH1750FVI, 26.27, 89.70, 1007.94, 0
2019-04-22 00:53:50 +0800, BME280|BH1750FVI, 26.27, 89.66, 1007.92, 0
2019-04-22 00:53:57 +0800, BME280|BH1750FVI, 26.28, 89.52, 1007.93, 0
2019-04-22 00:54:05 +0800, BME280|BH1750FVI, 26.28, 89.39, 1007.91, 0
2019-04-22 00:54:12 +0800, BME280|BH1750FVI, 26.27, 89.37, 1007.92, 0
2019-04-22 00:54:19 +0800, BME280|BH1750FVI, 26.24, 89.51, 1007.92, 0
2019-04-22 00:54:26 +0800, BME280|BH1750FVI, 26.24, 89.60, 1007.91, 0
2019-04-22 00:54:33 +0800, BME280|BH1750FVI, 26.23, 89.66, 1007.91, 0
2019-04-22 00:54:40 +0800, BME280|BH1750FVI, 26.24, 89.72, 1007.92, 0
2019-04-22 00:54:49 +0800, BME280|BH1750FVI, 26.22, 89.87, 1007.91, 0
2019-04-22 00:54:56 +0800, BME280|BH1750FVI, 26.22, 89.89, 1007.87, 0
2019-04-22 00:55:03 +0800, BME280|BH1750FVI, 26.22, 89.70, 1007.88, 0
2019-04-22 00:55:10 +0800, BME280|BH1750FVI, 26.22, 89.70, 1007.92, 0
2019-04-22 00:55:17 +0800, BME280|BH1750FVI, 26.22, 89.79, 1007.90, 0
2019-04-22 00:55:25 +0800, BME280|BH1750FVI, 26.24, 89.86, 1007.92, 0
2019-04-22 00:55:32 +0800, BME280|BH1750FVI, 26.24, 89.86, 1007.93, 0
2019-04-22 00:55:39 +0800, BME280|BH1750FVI, 26.26, 89.84, 1007.91, 0
2019-04-22 00:55:46 +0800, BME280|BH1750FVI, 26.27, 89.82, 1007.88, 0
2019-04-22 00:55:53 +0800, BME280|BH1750FVI, 26.30, 89.80, 1007.92, 0
2019-04-22 00:56:00 +0800, BME280|BH1750FVI, 26.32, 89.67, 1007.90, 0
2019-04-22 00:56:09 +0800, BME280|BH1750FVI, 26.33, 89.57, 1007.93, 0
2019-04-22 00:56:16 +0800, BME280|BH1750FVI, 26.34, 89.55, 1007.91, 0
2019-04-22 00:56:23 +0800, BME280|BH1750FVI, 26.36, 89.49, 1007.90, 0
2019-04-22 00:56:30 +0800, BME280|BH1750FVI, 26.36, 89.36, 1007.92, 0
2019-04-22 00:56:37 +0800, BME280|BH1750FVI, 26.38, 89.24, 1007.88, 0
2019-04-22 00:56:45 +0800, BME280|BH1750FVI, 26.38, 89.06, 1007.89, 0
2019-04-22 00:56:52 +0800, BME280|BH1750FVI, 26.38, 88.94, 1007.90, 0
2019-04-22 00:56:59 +0800, BME280|BH1750FVI, 26.38, 88.95, 1007.88, 0
2019-04-22 00:57:06 +0800, BME280|BH1750FVI, 26.40, 89.01, 1007.88, 0
2019-04-22 00:57:13 +0800, BME280|BH1750FVI, 26.42, 88.93, 1007.88, 0
2019-04-22 00:57:20 +0800, BME280|BH1750FVI, 26.43, 88.79, 1007.87, 0
2019-04-22 00:57:29 +0800, BME280|BH1750FVI, 26.44, 88.42, 1007.86, 0
2019-04-22 00:57:36 +0800, BME280|BH1750FVI, 26.44, 88.23, 1007.88, 0
2019-04-22 00:57:43 +0800, BME280|BH1750FVI, 26.44, 88.20, 1007.85, 0
2019-04-22 00:57:50 +0800, BME280|BH1750FVI, 26.46, 88.16, 1007.84, 0
2019-04-22 00:57:57 +0800, BME280|BH1750FVI, 26.46, 88.11, 1007.88, 0
2019-04-22 00:58:06 +0800, BME280|BH1750FVI, 26.48, 88.11, 1007.83, 0
2019-04-22 00:58:13 +0800, BME280|BH1750FVI, 26.50, 88.09, 1007.85, 0
2019-04-22 00:58:20 +0800, BME280|BH1750FVI, 26.51, 88.00, 1007.87, 0
2019-04-22 00:58:27 +0800, BME280|BH1750FVI, 26.50, 87.91, 1007.84, 0
2019-04-22 00:58:34 +0800, BME280|BH1750FVI, 26.50, 87.89, 1007.80, 0
2019-04-22 00:58:41 +0800, BME280|BH1750FVI, 26.51, 87.89, 1007.90, 0
2019-04-22 00:58:49 +0800, BME280|BH1750FVI, 26.52, 87.88, 1007.86, 0
2019-04-22 00:58:56 +0800, BME280|BH1750FVI, 26.51, 87.82, 1007.87, 0
2019-04-22 00:59:03 +0800, BME280|BH1750FVI, 26.51, 87.82, 1007.87, 0
2019-04-22 00:59:10 +0800, BME280|BH1750FVI, 26.50, 87.87, 1007.83, 0
2019-04-22 00:59:17 +0800, BME280|BH1750FVI, 26.49, 87.94, 1007.83, 0
2019-04-22 00:59:26 +0800, BME280|BH1750FVI, 26.52, 87.97, 1007.85, 0
2019-04-22 00:59:33 +0800, BME280|BH1750FVI, 26.53, 87.92, 1007.86, 0
2019-04-22 00:59:40 +0800, BME280|BH1750FVI, 26.54, 87.86, 1007.83, 0
2019-04-22 00:59:47 +0800, BME280|BH1750FVI, 26.55, 87.85, 1007.85, 0
2019-04-22 00:59:54 +0800, BME280|BH1750FVI, 26.56, 87.87, 1007.88, 0
2019-04-22 01:00:01 +0800, BME280|BH1750FVI, 26.56, 87.91, 1007.88, 0
2019-04-22 01:00:09 +0800, BME280|BH1750FVI, 26.58, 87.78, 1007.87, 0
2019-04-22 01:00:16 +0800, BME280|BH1750FVI, 26.58, 87.77, 1007.86, 0
2019-04-22 01:00:23 +0800, BME280|BH1750FVI, 26.59, 87.76, 1007.88, 0
2019-04-22 01:00:30 +0800, BME280|BH1750FVI, 26.60, 87.73, 1007.86, 0
2019-04-22 01:00:41 +0800, BME280|BH1750FVI, 26.61, 87.75, 1007.90, 0
2019-04-22 01:00:49 +0800, BME280|BH1750FVI, 26.59, 87.75, 1007.90, 0
2019-04-22 01:00:56 +0800, BME280|BH1750FVI, 26.59, 87.75, 1007.89, 0
2019-04-22 01:01:03 +0800, BME280|BH1750FVI, 26.58, 87.71, 1007.89, 0
2019-04-22 01:01:10 +0800, BME280|BH1750FVI, 26.56, 87.77, 1007.90, 0
2019-04-22 01:01:17 +0800, BME280|BH1750FVI, 26.55, 87.82, 1007.88, 0
2019-04-22 01:01:26 +0800, BME280|BH1750FVI, 26.55, 87.88, 1007.89, 0
2019-04-22 01:01:33 +0800, BME280|BH1750FVI, 26.56, 87.92, 1007.88, 0
2019-04-22 01:01:40 +0800, BME280|BH1750FVI, 26.58, 87.93, 1007.87, 0
2019-04-22 01:01:47 +0800, BME280|BH1750FVI, 26.59, 87.88, 1007.91, 0
2019-04-22 01:01:54 +0800, BME280|BH1750FVI, 26.60, 87.88, 1007.89, 0
2019-04-22 01:02:01 +0800, BME280|BH1750FVI, 26.61, 87.80, 1007.91, 0
2019-04-22 01:02:10 +0800, BME280|BH1750FVI, 26.60, 87.74, 1007.90, 0
2019-04-22 01:02:17 +0800, BME280|BH1750FVI, 26.62, 87.71, 1007.89, 0
2019-04-22 01:02:24 +0800, BME280|BH1750FVI, 26.61, 87.47, 1007.91, 0
2019-04-22 01:02:31 +0800, BME280|BH1750FVI, 26.58, 87.43, 1007.88, 0
2019-04-22 01:02:38 +0800, BME280|BH1750FVI, 26.55, 87.54, 1007.88, 0
2019-04-22 01:02:46 +0800, BME280|BH1750FVI, 26.52, 87.71, 1007.91, 0
2019-04-22 01:02:53 +0800, BME280|BH1750FVI, 26.49, 87.74, 1007.91, 0
2019-04-22 01:03:00 +0800, BME280|BH1750FVI, 26.46, 87.84, 1007.89, 0
2019-04-22 01:03:07 +0800, BME280|BH1750FVI, 26.44, 87.98, 1007.87, 0
2019-04-22 01:03:14 +0800, BME280|BH1750FVI, 26.42, 88.13, 1007.87, 0
2019-04-22 01:03:21 +0800, BME280|BH1750FVI, 26.41, 88.23, 1007.89, 0
2019-04-22 01:03:30 +0800, BME280|BH1750FVI, 26.41, 88.31, 1007.88, 0
2019-04-22 01:03:37 +0800, BME280|BH1750FVI, 26.40, 88.34, 1007.91, 0
2019-04-22 01:03:44 +0800, BME280|BH1750FVI, 26.41, 88.39, 1007.90, 0
2019-04-22 01:03:51 +0800, BME280|BH1750FVI, 26.41, 88.46, 1007.91, 0
2019-04-22 01:03:58 +0800, BME280|BH1750FVI, 26.41, 88.50, 1007.89, 0
2019-04-22 01:04:06 +0800, BME280|BH1750FVI, 26.43, 88.53, 1007.91, 0
2019-04-22 01:04:13 +0800, BME280|BH1750FVI, 26.45, 88.44, 1007.86, 0
2019-04-22 01:04:20 +0800, BME280|BH1750FVI, 26.46, 88.31, 1007.85, 0
2019-04-22 01:04:27 +0800, BME280|BH1750FVI, 26.45, 88.35, 1007.87, 0
2019-04-22 01:04:34 +0800, BME280|BH1750FVI, 26.45, 88.41, 1007.86, 0
2019-04-22 01:04:41 +0800, BME280|BH1750FVI, 26.45, 88.42, 1007.85, 0
2019-04-22 01:04:50 +0800, BME280|BH1750FVI, 26.48, 88.39, 1007.82, 0
2019-04-22 01:04:57 +0800, BME280|BH1750FVI, 26.50, 88.34, 1007.81, 0
2019-04-22 01:05:04 +0800, BME280|BH1750FVI, 26.51, 88.16, 1007.85, 0
2019-04-22 01:05:11 +0800, BME280|BH1750FVI, 26.52, 88.06, 1007.81, 0
2019-04-22 01:05:18 +0800, BME280|BH1750FVI, 26.53, 87.99, 1007.84, 0
2019-04-22 01:05:26 +0800, BME280|BH1750FVI, 26.53, 87.93, 1007.86, 0
2019-04-22 01:05:33 +0800, BME280|BH1750FVI, 26.54, 87.93, 1007.86, 0
2019-04-22 01:05:40 +0800, BME280|BH1750FVI, 26.54, 87.81, 1007.81, 0
2019-04-22 01:05:47 +0800, BME280|BH1750FVI, 26.55, 87.68, 1007.83, 0
2019-04-22 01:05:54 +0800, BME280|BH1750FVI, 26.56, 87.59, 1007.84, 0
2019-04-22 01:06:01 +0800, BME280|BH1750FVI, 26.56, 87.56, 1007.84, 0
2019-04-22 01:06:10 +0800, BME280|BH1750FVI, 26.55, 87.53, 1007.83, 0
2019-04-22 01:06:17 +0800, BME280|BH1750FVI, 26.54, 87.56, 1007.82, 0
2019-04-22 01:06:24 +0800, BME280|BH1750FVI, 26.53, 87.55, 1007.81, 0
2019-04-22 01:06:31 +0800, BME280|BH1750FVI, 26.52, 87.68, 1007.81, 0
2019-04-22 01:06:38 +0800, BME280|BH1750FVI, 26.51, 87.67, 1007.82, 0
2019-04-22 01:06:47 +0800, BME280|BH1750FVI, 26.50, 87.36, 1007.81, 0
2019-04-22 01:06:54 +0800, BME280|BH1750FVI, 26.49, 87.38, 1007.82, 0
2019-04-22 01:07:01 +0800, BME280|BH1750FVI, 26.50, 87.43, 1007.81, 0
2019-04-22 01:07:08 +0800, BME280|BH1750FVI, 26.51, 87.37, 1007.84, 0
2019-04-22 01:07:15 +0800, BME280|BH1750FVI, 26.52, 87.34, 1007.83, 0
2019-04-22 01:07:22 +0800, BME280|BH1750FVI, 26.53, 87.18, 1007.81, 0
2019-04-22 01:07:30 +0800, BME280|BH1750FVI, 26.55, 87.10, 1007.84, 0
2019-04-22 01:07:37 +0800, BME280|BH1750FVI, 26.56, 87.08, 1007.81, 0
2019-04-22 01:07:44 +0800, BME280|BH1750FVI, 26.56, 86.88, 1007.82, 0
2019-04-22 01:07:51 +0800, BME280|BH1750FVI, 26.54, 86.90, 1007.81, 0
2019-04-22 01:07:58 +0800, BME280|BH1750FVI, 26.51, 87.07, 1007.81, 0
2019-04-22 01:08:07 +0800, BME280|BH1750FVI, 26.48, 87.18, 1007.78, 0
2019-04-22 01:08:14 +0800, BME280|BH1750FVI, 26.47, 87.21, 1007.79, 0
2019-04-22 01:08:21 +0800, BME280|BH1750FVI, 26.47, 87.23, 1007.82, 0
2019-04-22 01:08:28 +0800, BME280|BH1750FVI, 26.47, 87.27, 1007.79, 0
2019-04-22 01:08:35 +0800, BME280|BH1750FVI, 26.47, 87.28, 1007.80, 0
2019-04-22 01:08:42 +0800, BME280|BH1750FVI, 26.46, 87.32, 1007.83, 0
2019-04-22 01:08:50 +0800, BME280|BH1750FVI, 26.47, 87.35, 1007.79, 0
2019-04-22 01:08:57 +0800, BME280|BH1750FVI, 26.48, 87.39, 1007.82, 0
2019-04-22 01:09:04 +0800, BME280|BH1750FVI, 26.49, 87.35, 1007.83, 0
2019-04-22 01:09:11 +0800, BME280|BH1750FVI, 26.48, 87.27, 1007.80, 0
2019-04-22 01:09:18 +0800, BME280|BH1750FVI, 26.46, 87.29, 1007.81, 0
2019-04-22 01:09:27 +0800, BME280|BH1750FVI, 26.44, 87.41, 1007.80, 0
2019-04-22 01:09:34 +0800, BME280|BH1750FVI, 26.42, 87.50, 1007.82, 0
2019-04-22 01:09:41 +0800, BME280|BH1750FVI, 26.39, 87.61, 1007.84, 0
2019-04-22 01:09:48 +0800, BME280|BH1750FVI, 26.36, 87.66, 1007.83, 0
2019-04-22 01:09:55 +0800, BME280|BH1750FVI, 26.35, 87.62, 1007.84, 0
2019-04-22 01:10:02 +0800, BME280|BH1750FVI, 26.33, 87.75, 1007.85, 0
2019-04-22 01:10:10 +0800, BME280|BH1750FVI, 26.30, 87.83, 1007.84, 0
2019-04-22 01:10:17 +0800, BME280|BH1750FVI, 26.28, 87.95, 1007.83, 0
2019-04-22 01:10:25 +0800, BME280|BH1750FVI, 26.25, 88.11, 1007.81, 0
2019-04-22 01:10:32 +0800, BME280|BH1750FVI, 26.23, 88.09, 1007.82, 0
2019-04-22 01:10:39 +0800, BME280|BH1750FVI, 26.20, 88.24, 1007.81, 0
2019-04-22 01:10:47 +0800, BME280|BH1750FVI, 26.17, 88.46, 1007.80, 0
2019-04-22 01:10:54 +0800, BME280|BH1750FVI, 26.16, 88.57, 1007.80, 0
2019-04-22 01:11:01 +0800, BME280|BH1750FVI, 26.15, 88.64, 1007.84, 0
2019-04-22 01:11:08 +0800, BME280|BH1750FVI, 26.13, 88.87, 1007.84, 0
2019-04-22 01:11:15 +0800, BME280|BH1750FVI, 26.11, 89.00, 1007.84, 0
2019-04-22 01:11:22 +0800, BME280|BH1750FVI, 26.10, 89.02, 1007.80, 0
2019-04-22 01:11:31 +0800, BME280|BH1750FVI, 26.09, 89.18, 1007.83, 0
2019-04-22 01:11:38 +0800, BME280|BH1750FVI, 26.08, 89.15, 1007.84, 0
2019-04-22 01:11:45 +0800, BME280|BH1750FVI, 26.07, 89.24, 1007.80, 0
2019-04-22 01:11:52 +0800, BME280|BH1750FVI, 26.06, 89.39, 1007.82, 0
2019-04-22 01:11:59 +0800, BME280|BH1750FVI, 26.06, 89.39, 1007.84, 0
2019-04-22 01:12:07 +0800, BME280|BH1750FVI, 26.06, 89.43, 1007.81, 0
2019-04-22 01:12:14 +0800, BME280|BH1750FVI, 26.05, 89.39, 1007.83, 0
2019-04-22 01:12:21 +0800, BME280|BH1750FVI, 26.06, 89.45, 1007.79, 0
2019-04-22 01:12:28 +0800, BME280|BH1750FVI, 26.06, 89.41, 1007.80, 0
2019-04-22 01:12:35 +0800, BME280|BH1750FVI, 26.07, 89.36, 1007.80, 0
2019-04-22 01:12:42 +0800, BME280|BH1750FVI, 26.06, 89.36, 1007.80, 0
2019-04-22 01:12:51 +0800, BME280|BH1750FVI, 26.02, 89.04, 1007.83, 0
2019-04-22 01:12:58 +0800, BME280|BH1750FVI, 25.99, 89.27, 1007.84, 0
2019-04-22 01:13:05 +0800, BME280|BH1750FVI, 25.98, 89.48, 1007.81, 0
2019-04-22 01:13:12 +0800, BME280|BH1750FVI, 25.99, 89.60, 1007.87, 0
2019-04-22 01:13:19 +0800, BME280|BH1750FVI, 26.01, 89.65, 1007.82, 0
2019-04-22 01:13:27 +0800, BME280|BH1750FVI, 26.02, 89.59, 1007.86, 0
2019-04-22 01:13:34 +0800, BME280|BH1750FVI, 26.00, 89.60, 1007.80, 0
2019-04-22 01:13:41 +0800, BME280|BH1750FVI, 26.01, 89.59, 1007.80, 0
2019-04-22 01:13:48 +0800, BME280|BH1750FVI, 26.00, 89.55, 1007.80, 0
2019-04-22 01:13:55 +0800, BME280|BH1750FVI, 25.99, 89.53, 1007.82, 0
2019-04-22 01:14:02 +0800, BME280|BH1750FVI, 25.95, 89.48, 1007.86, 0
2019-04-22 01:14:11 +0800, BME280|BH1750FVI, 25.90, 89.61, 1007.83, 0
2019-04-22 01:14:18 +0800, BME280|BH1750FVI, 25.88, 89.92, 1007.83, 0
2019-04-22 01:14:25 +0800, BME280|BH1750FVI, 25.87, 90.01, 1007.82, 0
2019-04-22 01:14:32 +0800, BME280|BH1750FVI, 25.87, 89.97, 1007.87, 0
2019-04-22 01:14:39 +0800, BME280|BH1750FVI, 25.86, 89.89, 1007.82, 0
2019-04-22 01:14:48 +0800, BME280|BH1750FVI, 25.83, 90.10, 1007.83, 0
2019-04-22 01:14:55 +0800, BME280|BH1750FVI, 25.82, 90.21, 1007.84, 0
2019-04-22 01:15:02 +0800, BME280|BH1750FVI, 25.82, 90.27, 1007.82, 0
2019-04-22 01:15:09 +0800, BME280|BH1750FVI, 25.82, 90.30, 1007.83, 0
2019-04-22 01:15:16 +0800, BME280|BH1750FVI, 25.81, 90.20, 1007.81, 0
2019-04-22 01:15:23 +0800, BME280|BH1750FVI, 25.81, 90.20, 1007.83, 0
2019-04-22 01:15:31 +0800, BME280|BH1750FVI, 25.79, 90.16, 1007.82, 0
2019-04-22 01:15:38 +0800, BME280|BH1750FVI, 25.79, 90.15, 1007.83, 0
2019-04-22 01:15:45 +0800, BME280|BH1750FVI, 25.78, 90.17, 1007.82, 0
2019-04-22 01:15:52 +0800, BME280|BH1750FVI, 25.78, 90.29, 1007.83, 0
2019-04-22 01:15:59 +0800, BME280|BH1750FVI, 25.77, 90.19, 1007.83, 0
2019-04-22 01:16:08 +0800, BME280|BH1750FVI, 25.76, 90.27, 1007.83, 0
2019-04-22 01:16:15 +0800, BME280|BH1750FVI, 25.75, 90.24, 1007.81, 0
2019-04-22 01:16:22 +0800, BME280|BH1750FVI, 25.74, 90.22, 1007.82, 0
2019-04-22 01:16:29 +0800, BME280|BH1750FVI, 25.74, 90.24, 1007.85, 0
2019-04-22 01:16:36 +0800, BME280|BH1750FVI, 25.74, 90.35, 1007.84, 0
2019-04-22 01:16:43 +0800, BME280|BH1750FVI, 25.74, 90.39, 1007.82, 0
2019-04-22 01:16:51 +0800, BME280|BH1750FVI, 25.72, 90.25, 1007.84, 0
2019-04-22 01:16:58 +0800, BME280|BH1750FVI, 25.71, 90.44, 1007.84, 0
2019-04-22 01:17:05 +0800, BME280|BH1750FVI, 25.69, 90.43, 1007.83, 0
2019-04-22 01:17:12 +0800, BME280|BH1750FVI, 25.68, 90.45, 1007.82, 0
2019-04-22 01:17:19 +0800, BME280|BH1750FVI, 25.67, 90.52, 1007.82, 0
2019-04-22 01:17:28 +0800, BME280|BH1750FVI, 25.67, 90.61, 1007.79, 0
2019-04-22 01:17:35 +0800, BME280|BH1750FVI, 25.65, 90.66, 1007.83, 0
2019-04-22 01:17:42 +0800, BME280|BH1750FVI, 25.64, 90.76, 1007.78, 0
2019-04-22 01:17:49 +0800, BME280|BH1750FVI, 25.63, 90.75, 1007.78, 0
2019-04-22 01:17:56 +0800, BME280|BH1750FVI, 25.64, 90.80, 1007.75, 0
2019-04-22 01:18:03 +0800, BME280|BH1750FVI, 25.66, 90.77, 1007.82, 0
2019-04-22 01:18:11 +0800, BME280|BH1750FVI, 25.65, 90.75, 1007.75, 0
2019-04-22 01:18:18 +0800, BME280|BH1750FVI, 25.66, 90.79, 1007.83, 0
2019-04-22 01:18:25 +0800, BME280|BH1750FVI, 25.64, 90.89, 1007.77, 0
2019-04-22 01:18:32 +0800, BME280|BH1750FVI, 25.63, 91.02, 1007.76, 0
2019-04-22 01:18:39 +0800, BME280|BH1750FVI, 25.64, 91.15, 1007.75, 0
2019-04-22 01:18:48 +0800, BME280|BH1750FVI, 25.65, 91.06, 1007.71, 0
2019-04-22 01:18:55 +0800, BME280|BH1750FVI, 25.67, 91.02, 1007.77, 0
2019-04-22 01:19:02 +0800, BME280|BH1750FVI, 25.71, 90.89, 1007.77, 0
2019-04-22 01:19:09 +0800, BME280|BH1750FVI, 25.73, 90.73, 1007.72, 0
2019-04-22 01:19:16 +0800, BME280|BH1750FVI, 25.73, 90.55, 1007.77, 0
2019-04-22 01:19:23 +0800, BME280|BH1750FVI, 25.74, 90.46, 1007.75, 0
2019-04-22 01:19:32 +0800, BME280|BH1750FVI, 25.76, 90.37, 1007.71, 0
2019-04-22 01:19:39 +0800, BME280|BH1750FVI, 25.76, 90.32, 1007.73, 0
2019-04-22 01:19:46 +0800, BME280|BH1750FVI, 25.75, 90.30, 1007.72, 0
2019-04-22 01:19:53 +0800, BME280|BH1750FVI, 25.76, 90.27, 1007.72, 0
2019-04-22 01:20:00 +0800, BME280|BH1750FVI, 25.77, 90.22, 1007.71, 0
2019-04-22 01:20:08 +0800, BME280|BH1750FVI, 25.78, 90.09, 1007.69, 0
2019-04-22 01:20:15 +0800, BME280|BH1750FVI, 25.76, 90.15, 1007.68, 0
2019-04-22 01:20:22 +0800, BME280|BH1750FVI, 25.77, 90.22, 1007.69, 0
2019-04-22 01:20:29 +0800, BME280|BH1750FVI, 25.77, 90.21, 1007.70, 0
2019-04-22 01:20:36 +0800, BME280|BH1750FVI, 25.79, 90.20, 1007.68, 0
2019-04-22 01:20:43 +0800, BME280|BH1750FVI, 25.79, 90.16, 1007.72, 0
2019-04-22 01:20:52 +0800, BME280|BH1750FVI, 25.80, 89.86, 1007.66, 0
2019-04-22 01:20:59 +0800, BME280|BH1750FVI, 25.78, 89.76, 1007.68, 0
2019-04-22 01:21:06 +0800, BME280|BH1750FVI, 25.77, 89.83, 1007.67, 0
2019-04-22 01:21:13 +0800, BME280|BH1750FVI, 25.76, 89.88, 1007.65, 0
2019-04-22 01:21:20 +0800, BME280|BH1750FVI, 25.77, 89.90, 1007.65, 0
2019-04-22 01:21:28 +0800, BME280|BH1750FVI, 25.78, 89.89, 1007.67, 0
2019-04-22 01:21:39 +0800, BME280|BH1750FVI, 25.78, 89.77, 1007.64, 0
2019-04-22 01:21:46 +0800, BME280|BH1750FVI, 25.78, 89.71, 1007.66, 0
2019-04-22 01:21:53 +0800, BME280|BH1750FVI, 25.78, 89.66, 1007.62, 0
2019-04-22 01:22:00 +0800, BME280|BH1750FVI, 25.78, 89.71, 1007.65, 0
2019-04-22 01:22:08 +0800, BME280|BH1750FVI, 25.79, 89.83, 1007.62, 0
2019-04-22 01:22:15 +0800, BME280|BH1750FVI, 25.79, 89.83, 1007.63, 0
2019-04-22 01:22:22 +0800, BME280|BH1750FVI, 25.80, 89.83, 1007.64, 0
2019-04-22 01:22:29 +0800, BME280|BH1750FVI, 25.82, 89.79, 1007.63, 0
2019-04-22 01:22:36 +0800, BME280|BH1750FVI, 25.84, 89.70, 1007.58, 0
2019-04-22 01:22:43 +0800, BME280|BH1750FVI, 25.87, 89.58, 1007.64, 0
2019-04-22 01:22:52 +0800, BME280|BH1750FVI, 25.89, 89.43, 1007.64, 0
2019-04-22 01:22:59 +0800, BME280|BH1750FVI, 25.90, 89.32, 1007.60, 0
2019-04-22 01:23:06 +0800, BME280|BH1750FVI, 25.90, 89.28, 1007.62, 0
2019-04-22 01:23:13 +0800, BME280|BH1750FVI, 25.91, 89.28, 1007.64, 0
2019-04-22 01:23:20 +0800, BME280|BH1750FVI, 25.90, 89.25, 1007.61, 0
2019-04-22 01:23:29 +0800, BME280|BH1750FVI, 25.93, 89.29, 1007.64, 0
2019-04-22 01:23:36 +0800, BME280|BH1750FVI, 25.94, 89.20, 1007.64, 0
2019-04-22 01:23:43 +0800, BME280|BH1750FVI, 25.95, 89.12, 1007.67, 0
2019-04-22 01:23:50 +0800, BME280|BH1750FVI, 25.96, 89.06, 1007.68, 0
2019-04-22 01:23:57 +0800, BME280|BH1750FVI, 25.95, 89.04, 1007.67, 0
2019-04-22 01:24:04 +0800, BME280|BH1750FVI, 25.94, 88.99, 1007.68, 0
2019-04-22 01:24:12 +0800, BME280|BH1750FVI, 25.90, 89.14, 1007.66, 0
2019-04-22 01:24:19 +0800, BME280|BH1750FVI, 25.89, 89.25, 1007.64, 0
2019-04-22 01:24:26 +0800, BME280|BH1750FVI, 25.86, 89.22, 1007.64, 0
2019-04-22 01:24:33 +0800, BME280|BH1750FVI, 25.85, 89.38, 1007.63, 0
2019-04-22 01:24:40 +0800, BME280|BH1750FVI, 25.87, 89.44, 1007.70, 0
2019-04-22 01:24:49 +0800, BME280|BH1750FVI, 25.88, 89.36, 1007.67, 0
2019-04-22 01:24:56 +0800, BME280|BH1750FVI, 25.87, 89.37, 1007.68, 0
2019-04-22 01:25:03 +0800, BME280|BH1750FVI, 25.87, 89.48, 1007.61, 0
2019-04-22 01:25:10 +0800, BME280|BH1750FVI, 25.88, 89.47, 1007.67, 0
2019-04-22 01:25:17 +0800, BME280|BH1750FVI, 25.89, 89.39, 1007.65, 0
2019-04-22 01:25:24 +0800, BME280|BH1750FVI, 25.90, 89.41, 1007.68, 0
2019-04-22 01:25:32 +0800, BME280|BH1750FVI, 25.93, 89.38, 1007.68, 0
2019-04-22 01:25:39 +0800, BME280|BH1750FVI, 25.94, 89.26, 1007.67, 0
2019-04-22 01:25:46 +0800, BME280|BH1750FVI, 25.95, 89.14, 1007.68, 0
2019-04-22 01:25:53 +0800, BME280|BH1750FVI, 25.94, 89.11, 1007.68, 0
2019-04-22 01:26:00 +0800, BME280|BH1750FVI, 25.96, 89.17, 1007.69, 0
2019-04-22 01:26:09 +0800, BME280|BH1750FVI, 26.00, 89.05, 1007.68, 0
2019-04-22 01:26:16 +0800, BME280|BH1750FVI, 26.00, 88.86, 1007.71, 0
2019-04-22 01:26:23 +0800, BME280|BH1750FVI, 26.00, 88.81, 1007.67, 0
2019-04-22 01:26:30 +0800, BME280|BH1750FVI, 25.99, 88.71, 1007.66, 0
2019-04-22 01:26:37 +0800, BME280|BH1750FVI, 25.98, 88.76, 1007.68, 0
2019-04-22 01:26:44 +0800, BME280|BH1750FVI, 25.99, 88.81, 1007.70, 0
2019-04-22 01:26:52 +0800, BME280|BH1750FVI, 26.00, 88.84, 1007.68, 0
2019-04-22 01:27:03 +0800, BME280|BH1750FVI, 26.01, 88.84, 1007.68, 0
2019-04-22 01:27:10 +0800, BME280|BH1750FVI, 26.01, 88.84, 1007.70, 0
2019-04-22 01:27:17 +0800, BME280|BH1750FVI, 26.01, 88.81, 1007.72, 0
2019-04-22 01:27:24 +0800, BME280|BH1750FVI, 26.00, 88.86, 1007.70, 0
2019-04-22 01:27:33 +0800, BME280|BH1750FVI, 26.02, 88.86, 1007.67, 0
2019-04-22 01:27:40 +0800, BME280|BH1750FVI, 26.03, 88.81, 1007.71, 0
2019-04-22 01:27:47 +0800, BME280|BH1750FVI, 26.05, 88.72, 1007.69, 0
2019-04-22 01:27:54 +0800, BME280|BH1750FVI, 26.06, 88.60, 1007.70, 0
2019-04-22 01:28:01 +0800, BME280|BH1750FVI, 26.07, 88.60, 1007.67, 0
2019-04-22 01:28:09 +0800, BME280|BH1750FVI, 26.09, 88.51, 1007.71, 0
2019-04-22 01:28:16 +0800, BME280|BH1750FVI, 26.10, 88.46, 1007.69, 0
2019-04-22 01:28:23 +0800, BME280|BH1750FVI, 26.11, 88.39, 1007.71, 0
2019-04-22 01:28:30 +0800, BME280|BH1750FVI, 26.10, 88.42, 1007.65, 0
2019-04-22 01:28:37 +0800, BME280|BH1750FVI, 26.12, 88.40, 1007.68, 0
2019-04-22 01:28:44 +0800, BME280|BH1750FVI, 26.13, 88.35, 1007.69, 0
2019-04-22 01:28:53 +0800, BME280|BH1750FVI, 26.16, 88.34, 1007.68, 0
2019-04-22 01:29:00 +0800, BME280|BH1750FVI, 26.17, 88.25, 1007.69, 0
2019-04-22 01:29:07 +0800, BME280|BH1750FVI, 26.19, 88.20, 1007.66, 0
2019-04-22 01:29:14 +0800, BME280|BH1750FVI, 26.19, 88.16, 1007.68, 0
2019-04-22 01:29:21 +0800, BME280|BH1750FVI, 26.21, 88.14, 1007.67, 0
2019-04-22 01:29:29 +0800, BME280|BH1750FVI, 26.24, 88.03, 1007.65, 0
2019-04-22 01:29:36 +0800, BME280|BH1750FVI, 26.26, 87.86, 1007.66, 0
2019-04-22 01:29:43 +0800, BME280|BH1750FVI, 26.27, 87.57, 1007.67, 0
2019-04-22 01:29:50 +0800, BME280|BH1750FVI, 26.27, 87.46, 1007.65, 0
2019-04-22 01:29:57 +0800, BME280|BH1750FVI, 26.27, 87.30, 1007.63, 0
2019-04-22 01:30:04 +0800, BME280|BH1750FVI, 26.29, 87.40, 1007.67, 0
2019-04-22 01:30:13 +0800, BME280|BH1750FVI, 26.28, 87.19, 1007.62, 0
2019-04-22 01:30:20 +0800, BME280|BH1750FVI, 26.27, 87.10, 1007.62, 0
2019-04-22 01:30:27 +0800, BME280|BH1750FVI, 26.27, 87.11, 1007.64, 0
2019-04-22 01:30:34 +0800, BME280|BH1750FVI, 26.28, 87.13, 1007.64, 0
2019-04-22 01:30:41 +0800, BME280|BH1750FVI, 26.27, 87.19, 1007.64, 0
2019-04-22 01:30:49 +0800, BME280|BH1750FVI, 26.28, 87.24, 1007.63, 0
2019-04-22 01:30:56 +0800, BME280|BH1750FVI, 26.27, 87.33, 1007.64, 0
2019-04-22 01:31:03 +0800, BME280|BH1750FVI, 26.30, 87.38, 1007.63, 0
2019-04-22 01:31:10 +0800, BME280|BH1750FVI, 26.33, 87.36, 1007.67, 0
2019-04-22 01:31:17 +0800, BME280|BH1750FVI, 26.34, 87.27, 1007.67, 0
2019-04-22 01:31:30 +0800, BME280|BH1750FVI, 26.35, 87.21, 1007.65, 0
2019-04-22 01:31:37 +0800, BME280|BH1750FVI, 26.36, 86.97, 1007.66, 0
2019-04-22 01:31:44 +0800, BME280|BH1750FVI, 26.36, 86.86, 1007.67, 0
2019-04-22 01:31:51 +0800, BME280|BH1750FVI, 26.37, 86.82, 1007.65, 0
2019-04-22 01:31:58 +0800, BME280|BH1750FVI, 26.38, 86.74, 1007.62, 0
2019-04-22 01:32:05 +0800, BME280|BH1750FVI, 26.39, 86.69, 1007.63, 0
2019-04-22 01:32:13 +0800, BME280|BH1750FVI, 26.39, 86.61, 1007.67, 0
2019-04-22 01:32:20 +0800, BME280|BH1750FVI, 26.39, 86.65, 1007.68, 0
2019-04-22 01:32:27 +0800, BME280|BH1750FVI, 26.38, 86.59, 1007.63, 0
2019-04-22 01:32:34 +0800, BME280|BH1750FVI, 26.36, 86.64, 1007.64, 0
2019-04-22 01:32:41 +0800, BME280|BH1750FVI, 26.35, 86.64, 1007.66, 0
2019-04-22 01:32:50 +0800, BME280|BH1750FVI, 26.35, 86.66, 1007.67, 0
2019-04-22 01:32:57 +0800, BME280|BH1750FVI, 26.36, 86.72, 1007.69, 0
2019-04-22 01:33:04 +0800, BME280|BH1750FVI, 26.37, 86.70, 1007.68, 0
2019-04-22 01:33:11 +0800, BME280|BH1750FVI, 26.36, 86.48, 1007.67, 0
2019-04-22 01:33:18 +0800, BME280|BH1750FVI, 26.35, 86.53, 1007.67, 0
2019-04-22 01:33:25 +0800, BME280|BH1750FVI, 26.36, 86.52, 1007.67, 0
2019-04-22 01:33:33 +0800, BME280|BH1750FVI, 26.37, 86.50, 1007.68, 0
2019-04-22 01:33:40 +0800, BME280|BH1750FVI, 26.37, 86.47, 1007.66, 0
2019-04-22 01:33:47 +0800, BME280|BH1750FVI, 26.38, 86.49, 1007.67, 0
2019-04-22 01:33:54 +0800, BME280|BH1750FVI, 26.38, 86.42, 1007.63, 0
2019-04-22 01:34:01 +0800, BME280|BH1750FVI, 26.36, 86.41, 1007.64, 0
2019-04-22 01:34:10 +0800, BME280|BH1750FVI, 26.34, 86.53, 1007.68, 0
2019-04-22 01:34:17 +0800, BME280|BH1750FVI, 26.34, 86.55, 1007.64, 0
2019-04-22 01:34:24 +0800, BME280|BH1750FVI, 26.34, 86.61, 1007.68, 0
2019-04-22 01:34:31 +0800, BME280|BH1750FVI, 26.35, 86.64, 1007.69, 0
2019-04-22 01:34:38 +0800, BME280|BH1750FVI, 26.37, 86.59, 1007.68, 0
2019-04-22 01:34:45 +0800, BME280|BH1750FVI, 26.37, 86.47, 1007.67, 0
2019-04-22 01:34:53 +0800, BME280|BH1750FVI, 26.38, 86.43, 1007.64, 0
2019-04-22 01:35:00 +0800, BME280|BH1750FVI, 26.39, 86.30, 1007.69, 0
2019-04-22 01:35:07 +0800, BME280|BH1750FVI, 26.39, 86.31, 1007.69, 0
2019-04-22 01:35:14 +0800, BME280|BH1750FVI, 26.41, 86.39, 1007.65, 0
2019-04-22 01:35:21 +0800, BME280|BH1750FVI, 26.41, 86.27, 1007.67, 0
2019-04-22 01:35:30 +0800, BME280|BH1750FVI, 26.42, 86.25, 1007.65, 0
2019-04-22 01:35:37 +0800, BME280|BH1750FVI, 26.43, 86.24, 1007.70, 0
2019-04-22 01:35:44 +0800, BME280|BH1750FVI, 26.45, 86.16, 1007.71, 0
2019-04-22 01:35:51 +0800, BME280|BH1750FVI, 26.46, 86.06, 1007.66, 0
2019-04-22 01:35:58 +0800, BME280|BH1750FVI, 26.46, 85.97, 1007.66, 0
2019-04-22 01:36:05 +0800, BME280|BH1750FVI, 26.47, 85.93, 1007.68, 0
2019-04-22 01:36:14 +0800, BME280|BH1750FVI, 26.49, 85.94, 1007.69, 0
2019-04-22 01:36:21 +0800, BME280|BH1750FVI, 26.51, 85.87, 1007.71, 0
2019-04-22 01:36:28 +0800, BME280|BH1750FVI, 26.52, 85.74, 1007.72, 0
2019-04-22 01:36:35 +0800, BME280|BH1750FVI, 26.49, 85.69, 1007.69, 0
2019-04-22 01:36:42 +0800, BME280|BH1750FVI, 26.45, 85.82, 1007.68, 0
2019-04-22 01:36:50 +0800, BME280|BH1750FVI, 26.43, 85.97, 1007.68, 0
2019-04-22 01:36:57 +0800, BME280|BH1750FVI, 26.44, 86.06, 1007.69, 0
2019-04-22 01:37:04 +0800, BME280|BH1750FVI, 26.45, 85.94, 1007.70, 0
2019-04-22 01:37:11 +0800, BME280|BH1750FVI, 26.45, 85.95, 1007.70, 0
2019-04-22 01:37:18 +0800, BME280|BH1750FVI, 26.46, 85.83, 1007.67, 0
2019-04-22 01:37:25 +0800, BME280|BH1750FVI, 26.46, 85.72, 1007.68, 0
2019-04-22 01:37:34 +0800, BME280|BH1750FVI, 26.46, 85.65, 1007.71, 0
2019-04-22 01:37:41 +0800, BME280|BH1750FVI, 26.44, 85.68, 1007.73, 0
2019-04-22 01:37:48 +0800, BME280|BH1750FVI, 26.43, 85.75, 1007.72, 0
2019-04-22 01:37:55 +0800, BME280|BH1750FVI, 26.44, 85.78, 1007.72, 0
2019-04-22 01:38:02 +0800, BME280|BH1750FVI, 26.44, 85.68, 1007.73, 0
2019-04-22 01:38:10 +0800, BME280|BH1750FVI, 26.40, 85.46, 1007.73, 0
2019-04-22 01:38:17 +0800, BME280|BH1750FVI, 26.38, 85.58, 1007.75, 0
2019-04-22 01:38:24 +0800, BME280|BH1750FVI, 26.37, 85.54, 1007.73, 0
2019-04-22 01:38:31 +0800, BME280|BH1750FVI, 26.36, 85.49, 1007.74, 0
2019-04-22 01:38:38 +0800, BME280|BH1750FVI, 26.36, 85.51, 1007.74, 0
2019-04-22 01:38:45 +0800, BME280|BH1750FVI, 26.37, 85.49, 1007.76, 0
2019-04-22 01:38:54 +0800, BME280|BH1750FVI, 26.36, 85.53, 1007.73, 0
2019-04-22 01:39:01 +0800, BME280|BH1750FVI, 26.37, 85.57, 1007.74, 0
2019-04-22 01:39:08 +0800, BME280|BH1750FVI, 26.38, 85.54, 1007.77, 0
2019-04-22 01:39:15 +0800, BME280|BH1750FVI, 26.37, 85.66, 1007.75, 0
2019-04-22 01:39:22 +0800, BME280|BH1750FVI, 26.38, 85.73, 1007.74, 0
2019-04-22 01:39:30 +0800, BME280|BH1750FVI, 26.40, 85.70, 1007.76, 0
2019-04-22 01:39:37 +0800, BME280|BH1750FVI, 26.42, 85.66, 1007.73, 0
2019-04-22 01:39:44 +0800, BME280|BH1750FVI, 26.43, 85.74, 1007.75, 0
2019-04-22 01:39:52 +0800, BME280|BH1750FVI, 26.43, 85.77, 1007.75, 0
2019-04-22 01:39:59 +0800, BME280|BH1750FVI, 26.42, 85.93, 1007.76, 0
2019-04-22 01:40:06 +0800, BME280|BH1750FVI, 26.41, 86.08, 1007.72, 0
2019-04-22 01:40:14 +0800, BME280|BH1750FVI, 26.43, 86.13, 1007.76, 0
2019-04-22 01:40:21 +0800, BME280|BH1750FVI, 26.45, 86.12, 1007.73, 0
2019-04-22 01:40:28 +0800, BME280|BH1750FVI, 26.47, 85.97, 1007.71, 0
2019-04-22 01:40:35 +0800, BME280|BH1750FVI, 26.46, 86.00, 1007.72, 0
2019-04-22 01:40:42 +0800, BME280|BH1750FVI, 26.46, 86.03, 1007.74, 0
2019-04-22 01:40:51 +0800, BME280|BH1750FVI, 26.45, 85.98, 1007.73, 0
2019-04-22 01:40:58 +0800, BME280|BH1750FVI, 26.44, 86.02, 1007.70, 0
2019-04-22 01:41:05 +0800, BME280|BH1750FVI, 26.43, 86.23, 1007.69, 0
2019-04-22 01:41:12 +0800, BME280|BH1750FVI, 26.42, 86.21, 1007.72, 0
2019-04-22 01:41:19 +0800, BME280|BH1750FVI, 26.43, 86.38, 1007.73, 0
2019-04-22 01:41:26 +0800, BME280|BH1750FVI, 26.45, 86.57, 1007.71, 0
2019-04-22 01:41:34 +0800, BME280|BH1750FVI, 26.46, 86.41, 1007.69, 0
2019-04-22 01:41:41 +0800, BME280|BH1750FVI, 26.45, 86.22, 1007.70, 0
2019-04-22 01:41:48 +0800, BME280|BH1750FVI, 26.44, 86.18, 1007.69, 0
2019-04-22 01:41:55 +0800, BME280|BH1750FVI, 26.43, 86.17, 1007.67, 0
2019-04-22 01:42:02 +0800, BME280|BH1750FVI, 26.44, 86.31, 1007.68, 0
2019-04-22 01:42:11 +0800, BME280|BH1750FVI, 26.47, 86.31, 1007.69, 0
2019-04-22 01:42:18 +0800, BME280|BH1750FVI, 26.49, 86.16, 1007.67, 0
2019-04-22 01:42:25 +0800, BME280|BH1750FVI, 26.49, 86.12, 1007.69, 0
2019-04-22 01:42:32 +0800, BME280|BH1750FVI, 26.49, 86.13, 1007.67, 0
2019-04-22 01:42:39 +0800, BME280|BH1750FVI, 26.49, 86.00, 1007.69, 0
2019-04-22 01:42:46 +0800, BME280|BH1750FVI, 26.49, 85.89, 1007.67, 0
2019-04-22 01:42:54 +0800, BME280|BH1750FVI, 26.49, 85.90, 1007.70, 0
2019-04-22 01:43:01 +0800, BME280|BH1750FVI, 26.49, 85.98, 1007.66, 0
2019-04-22 01:43:08 +0800, BME280|BH1750FVI, 26.49, 85.98, 1007.67, 0
2019-04-22 01:43:15 +0800, BME280|BH1750FVI, 26.49, 85.94, 1007.68, 0
2019-04-22 01:43:26 +0800, BME280|BH1750FVI, 26.49, 86.05, 1007.68, 0
2019-04-22 01:43:34 +0800, BME280|BH1750FVI, 26.47, 86.08, 1007.69, 0
2019-04-22 01:43:41 +0800, BME280|BH1750FVI, 26.46, 86.12, 1007.69, 0
2019-04-22 01:43:48 +0800, BME280|BH1750FVI, 26.45, 86.17, 1007.67, 0
2019-04-22 01:43:59 +0800, BME280|BH1750FVI, 26.45, 86.21, 1007.67, 0
2019-04-22 01:44:06 +0800, BME280|BH1750FVI, 26.45, 86.13, 1007.67, 0
2019-04-22 01:44:15 +0800, BME280|BH1750FVI, 26.43, 86.21, 1007.69, 0
2019-04-22 01:44:22 +0800, BME280|BH1750FVI, 26.43, 86.36, 1007.69, 0
2019-04-22 01:44:29 +0800, BME280|BH1750FVI, 26.43, 86.38, 1007.68, 0
2019-04-22 01:44:36 +0800, BME280|BH1750FVI, 26.42, 86.44, 1007.65, 0
2019-04-22 01:44:43 +0800, BME280|BH1750FVI, 26.42, 86.50, 1007.66, 0
2019-04-22 01:44:51 +0800, BME280|BH1750FVI, 26.44, 86.50, 1007.68, 0
2019-04-22 01:44:58 +0800, BME280|BH1750FVI, 26.45, 86.45, 1007.68, 0
2019-04-22 01:45:05 +0800, BME280|BH1750FVI, 26.45, 86.38, 1007.68, 0
2019-04-22 01:45:12 +0800, BME280|BH1750FVI, 26.45, 86.50, 1007.66, 0
2019-04-22 01:45:19 +0800, BME280|BH1750FVI, 26.46, 86.47, 1007.69, 0
2019-04-22 01:45:26 +0800, BME280|BH1750FVI, 26.47, 86.50, 1007.69, 0
2019-04-22 01:45:35 +0800, BME280|BH1750FVI, 26.49, 86.57, 1007.70, 0
2019-04-22 01:45:42 +0800, BME280|BH1750FVI, 26.49, 86.59, 1007.67, 0
2019-04-22 01:45:49 +0800, BME280|BH1750FVI, 26.52, 86.58, 1007.69, 0
2019-04-22 01:45:56 +0800, BME280|BH1750FVI, 26.54, 86.49, 1007.66, 0
2019-04-22 01:46:03 +0800, BME280|BH1750FVI, 26.55, 86.30, 1007.72, 0
2019-04-22 01:46:11 +0800, BME280|BH1750FVI, 26.57, 86.24, 1007.70, 0
2019-04-22 01:46:18 +0800, BME280|BH1750FVI, 26.58, 86.03, 1007.71, 0
2019-04-22 01:46:25 +0800, BME280|BH1750FVI, 26.55, 86.14, 1007.71, 0
2019-04-22 01:46:32 +0800, BME280|BH1750FVI, 26.55, 86.22, 1007.71, 0
2019-04-22 01:46:39 +0800, BME280|BH1750FVI, 26.54, 86.19, 1007.70, 0
2019-04-22 01:46:46 +0800, BME280|BH1750FVI, 26.54, 86.13, 1007.71, 0
2019-04-22 01:46:55 +0800, BME280|BH1750FVI, 26.54, 86.07, 1007.70, 0
2019-04-22 01:47:02 +0800, BME280|BH1750FVI, 26.55, 86.03, 1007.73, 0
2019-04-22 01:47:09 +0800, BME280|BH1750FVI, 26.56, 86.06, 1007.70, 0
2019-04-22 01:47:16 +0800, BME280|BH1750FVI, 26.57, 86.05, 1007.72, 0
2019-04-22 01:47:23 +0800, BME280|BH1750FVI, 26.56, 86.08, 1007.69, 0
2019-04-22 01:47:31 +0800, BME280|BH1750FVI, 26.54, 86.07, 1007.71, 0
2019-04-22 01:47:38 +0800, BME280|BH1750FVI, 26.52, 86.12, 1007.70, 0
2019-04-22 01:47:45 +0800, BME280|BH1750FVI, 26.49, 86.27, 1007.71, 0
2019-04-22 01:47:52 +0800, BME280|BH1750FVI, 26.48, 86.36, 1007.67, 0
2019-04-22 01:47:59 +0800, BME280|BH1750FVI, 26.47, 86.40, 1007.68, 0
2019-04-22 01:48:06 +0800, BME280|BH1750FVI, 26.46, 86.30, 1007.67, 0
2019-04-22 01:48:15 +0800, BME280|BH1750FVI, 26.46, 86.23, 1007.67, 0
2019-04-22 01:48:22 +0800, BME280|BH1750FVI, 26.46, 86.12, 1007.71, 0
2019-04-22 01:48:29 +0800, BME280|BH1750FVI, 26.46, 85.90, 1007.71, 0
2019-04-22 01:48:36 +0800, BME280|BH1750FVI, 26.46, 85.91, 1007.68, 0
2019-04-22 01:48:43 +0800, BME280|BH1750FVI, 26.42, 85.97, 1007.69, 0
2019-04-22 01:48:52 +0800, BME280|BH1750FVI, 26.41, 86.02, 1007.70, 0
2019-04-22 01:48:59 +0800, BME280|BH1750FVI, 26.41, 85.96, 1007.69, 0
2019-04-22 01:49:06 +0800, BME280|BH1750FVI, 26.39, 85.92, 1007.70, 0
2019-04-22 01:49:13 +0800, BME280|BH1750FVI, 26.38, 85.96, 1007.71, 0
2019-04-22 01:49:20 +0800, BME280|BH1750FVI, 26.36, 86.05, 1007.70, 0
2019-04-22 01:49:27 +0800, BME280|BH1750FVI, 26.36, 86.15, 1007.67, 0
2019-04-22 01:49:35 +0800, BME280|BH1750FVI, 26.36, 86.26, 1007.69, 0
2019-04-22 01:49:42 +0800, BME280|BH1750FVI, 26.36, 86.30, 1007.71, 0
2019-04-22 01:49:49 +0800, BME280|BH1750FVI, 26.36, 86.24, 1007.70, 0
2019-04-22 01:49:56 +0800, BME280|BH1750FVI, 26.35, 86.26, 1007.71, 0
2019-04-22 01:50:03 +0800, BME280|BH1750FVI, 26.33, 86.06, 1007.71, 0
2019-04-22 01:50:12 +0800, BME280|BH1750FVI, 26.33, 86.02, 1007.70, 0
2019-04-22 01:50:19 +0800, BME280|BH1750FVI, 26.31, 86.07, 1007.69, 0
2019-04-22 01:50:26 +0800, BME280|BH1750FVI, 26.28, 86.10, 1007.67, 0
2019-04-22 01:50:33 +0800, BME280|BH1750FVI, 26.26, 86.20, 1007.67, 0
2019-04-22 01:50:40 +0800, BME280|BH1750FVI, 26.22, 86.22, 1007.66, 0
2019-04-22 01:50:47 +0800, BME280|BH1750FVI, 26.20, 86.35, 1007.68, 0
2019-04-22 01:50:55 +0800, BME280|BH1750FVI, 26.19, 86.49, 1007.69, 0
2019-04-22 01:51:02 +0800, BME280|BH1750FVI, 26.17, 86.48, 1007.65, 0
2019-04-22 01:51:09 +0800, BME280|BH1750FVI, 26.15, 86.52, 1007.66, 0
2019-04-22 01:51:16 +0800, BME280|BH1750FVI, 26.12, 86.71, 1007.66, 0
2019-04-22 01:51:23 +0800, BME280|BH1750FVI, 26.11, 86.92, 1007.66, 0
2019-04-22 01:51:32 +0800, BME280|BH1750FVI, 26.10, 87.14, 1007.65, 0
2019-04-22 01:51:39 +0800, BME280|BH1750FVI, 26.09, 87.19, 1007.66, 0
2019-04-22 01:51:46 +0800, BME280|BH1750FVI, 26.09, 87.31, 1007.66, 0
2019-04-22 01:51:53 +0800, BME280|BH1750FVI, 26.08, 87.33, 1007.63, 0
2019-04-22 01:52:00 +0800, BME280|BH1750FVI, 26.05, 87.43, 1007.61, 0
2019-04-22 01:52:07 +0800, BME280|BH1750FVI, 26.05, 87.54, 1007.66, 0
2019-04-22 01:52:15 +0800, BME280|BH1750FVI, 26.05, 87.41, 1007.60, 0
2019-04-22 01:52:22 +0800, BME280|BH1750FVI, 26.03, 87.29, 1007.59, 0
2019-04-22 01:52:30 +0800, BME280|BH1750FVI, 26.00, 87.48, 1007.61, 0
2019-04-22 01:52:37 +0800, BME280|BH1750FVI, 26.00, 87.63, 1007.62, 0
2019-04-22 01:52:44 +0800, BME280|BH1750FVI, 25.98, 87.80, 1007.61, 0
2019-04-22 01:52:52 +0800, BME280|BH1750FVI, 25.95, 87.98, 1007.61, 0
2019-04-22 01:52:59 +0800, BME280|BH1750FVI, 25.92, 88.04, 1007.60, 0
2019-04-22 01:53:06 +0800, BME280|BH1750FVI, 25.92, 88.01, 1007.61, 0
2019-04-22 01:53:13 +0800, BME280|BH1750FVI, 25.90, 87.57, 1007.58, 0
2019-04-22 01:53:20 +0800, BME280|BH1750FVI, 25.86, 87.48, 1007.54, 0
2019-04-22 01:53:27 +0800, BME280|BH1750FVI, 25.84, 87.52, 1007.53, 0
2019-04-22 01:53:36 +0800, BME280|BH1750FVI, 25.82, 87.77, 1007.53, 0
2019-04-22 01:53:43 +0800, BME280|BH1750FVI, 25.81, 88.00, 1007.53, 0
2019-04-22 01:53:50 +0800, BME280|BH1750FVI, 25.79, 88.24, 1007.55, 0
2019-04-22 01:53:57 +0800, BME280|BH1750FVI, 25.78, 88.43, 1007.53, 0
2019-04-22 01:54:04 +0800, BME280|BH1750FVI, 25.76, 88.39, 1007.56, 0
2019-04-22 01:54:12 +0800, BME280|BH1750FVI, 25.74, 88.27, 1007.50, 0
2019-04-22 01:54:23 +0800, BME280|BH1750FVI, 25.73, 88.32, 1007.50, 0
2019-04-22 01:54:30 +0800, BME280|BH1750FVI, 25.72, 88.30, 1007.55, 0
2019-04-22 01:54:37 +0800, BME280|BH1750FVI, 25.70, 88.44, 1007.52, 0
2019-04-22 01:54:44 +0800, BME280|BH1750FVI, 25.69, 88.59, 1007.52, 0
2019-04-22 01:54:52 +0800, BME280|BH1750FVI, 25.67, 88.75, 1007.50, 0
2019-04-22 01:54:59 +0800, BME280|BH1750FVI, 25.66, 88.61, 1007.52, 0
2019-04-22 01:55:06 +0800, BME280|BH1750FVI, 25.64, 88.32, 1007.45, 0
2019-04-22 01:55:13 +0800, BME280|BH1750FVI, 25.63, 88.24, 1007.47, 0
2019-04-22 01:55:20 +0800, BME280|BH1750FVI, 25.65, 88.20, 1007.46, 0
2019-04-22 01:55:27 +0800, BME280|BH1750FVI, 25.65, 88.23, 1007.50, 0
2019-04-22 01:55:36 +0800, BME280|BH1750FVI, 25.65, 88.70, 1007.50, 0
2019-04-22 01:55:43 +0800, BME280|BH1750FVI, 25.65, 88.82, 1007.44, 0
2019-04-22 01:55:50 +0800, BME280|BH1750FVI, 25.64, 88.76, 1007.45, 0
2019-04-22 01:55:57 +0800, BME280|BH1750FVI, 25.64, 88.76, 1007.46, 0
2019-04-22 01:56:04 +0800, BME280|BH1750FVI, 25.63, 88.81, 1007.43, 0
2019-04-22 01:56:12 +0800, BME280|BH1750FVI, 25.62, 88.89, 1007.44, 0
2019-04-22 01:56:19 +0800, BME280|BH1750FVI, 25.61, 89.01, 1007.44, 0
2019-04-22 01:56:26 +0800, BME280|BH1750FVI, 25.58, 89.05, 1007.43, 0
2019-04-22 01:56:34 +0800, BME280|BH1750FVI, 25.59, 89.13, 1007.44, 0
2019-04-22 01:56:41 +0800, BME280|BH1750FVI, 25.59, 89.05, 1007.44, 0
2019-04-22 01:56:48 +0800, BME280|BH1750FVI, 25.60, 88.75, 1007.43, 0
2019-04-22 01:56:56 +0800, BME280|BH1750FVI, 25.60, 88.35, 1007.41, 0
2019-04-22 01:57:03 +0800, BME280|BH1750FVI, 25.61, 88.18, 1007.43, 0
2019-04-22 01:57:10 +0800, BME280|BH1750FVI, 25.59, 88.22, 1007.45, 0
2019-04-22 01:57:17 +0800, BME280|BH1750FVI, 25.60, 87.96, 1007.43, 0
2019-04-22 01:57:24 +0800, BME280|BH1750FVI, 25.60, 87.86, 1007.42, 0
2019-04-22 01:57:33 +0800, BME280|BH1750FVI, 25.60, 88.00, 1007.43, 0
2019-04-22 01:57:40 +0800, BME280|BH1750FVI, 25.60, 88.00, 1007.42, 0
2019-04-22 01:57:47 +0800, BME280|BH1750FVI, 25.59, 87.94, 1007.43, 0
2019-04-22 01:57:54 +0800, BME280|BH1750FVI, 25.58, 87.61, 1007.42, 0
2019-04-22 01:58:01 +0800, BME280|BH1750FVI, 25.56, 87.64, 1007.41, 0
2019-04-22 01:58:08 +0800, BME280|BH1750FVI, 25.56, 87.63, 1007.44, 0
2019-04-22 01:58:16 +0800, BME280|BH1750FVI, 25.56, 88.04, 1007.43, 0
2019-04-22 01:58:23 +0800, BME280|BH1750FVI, 25.55, 88.13, 1007.41, 0
2019-04-22 01:58:30 +0800, BME280|BH1750FVI, 25.54, 87.85, 1007.44, 0
2019-04-22 01:58:37 +0800, BME280|BH1750FVI, 25.53, 87.67, 1007.43, 0
2019-04-22 01:58:44 +0800, BME280|BH1750FVI, 25.52, 87.64, 1007.43, 0
2019-04-22 01:58:53 +0800, BME280|BH1750FVI, 25.50, 87.32, 1007.48, 0
2019-04-22 01:59:00 +0800, BME280|BH1750FVI, 25.49, 87.29, 1007.42, 0
2019-04-22 01:59:07 +0800, BME280|BH1750FVI, 25.49, 87.11, 1007.43, 0
2019-04-22 01:59:14 +0800, BME280|BH1750FVI, 25.49, 86.88, 1007.49, 0
2019-04-22 01:59:21 +0800, BME280|BH1750FVI, 25.47, 87.15, 1007.44, 0
2019-04-22 01:59:28 +0800, BME280|BH1750FVI, 25.48, 87.45, 1007.46, 0
2019-04-22 01:59:36 +0800, BME280|BH1750FVI, 25.49, 87.42, 1007.45, 0
2019-04-22 01:59:43 +0800, BME280|BH1750FVI, 25.47, 87.62, 1007.43, 0
2019-04-22 01:59:50 +0800, BME280|BH1750FVI, 25.45, 87.54, 1007.44, 0
2019-04-22 01:59:57 +0800, BME280|BH1750FVI, 25.46, 87.58, 1007.43, 0
